url,phishing,p_bert,p_cat,in_zona
https://gvt2.com,0,0.909665,,0
http://mercadopago.mercadolivre-login.org,1,0.999486,,0
https://play.google.com,0,0.009402,,0
http://resetpassword.us,1,0.988428,,0
http://2nzy.com,1,0.745862,0.060787,1
https://sciencedirect.com,0,0.211454,0.185387,1
https://www.expireddomains.com,0,0.07565,,0
https://www.ge.globo.com,0,0.013552,,0
http://caixageral-verificacao.com,1,0.999021,,0
http://nawazkhan060.github.io,1,0.953955,,0
http://santander.de-management.bz,1,0.999512,,0
https://www.behance.net,0,0.001016,,0
https://www.unsplash.com,0,0.001443,,0
https://www.mercadopago.com.br,0,0.018124,,0
http://linkedinw.weebly.com,1,0.997923,,0
https://www.tjsp.jus.br,0,0.007834,,0
https://tim.com.br,0,0.025405,,0
https://spov-msedge.net,0,0.999533,,0
http://twitterktwznsyreromneymotion.plsener.com,1,0.999634,,0
https://www.bbc.co.uk,0,0.01818,,0
https://avast.com,0,0.055494,,0
http://spotifybeastclone.freewebhostmost.com,1,0.998621,,0
https://www.caixaeconomica.com.br,0,0.012763,,0
https://www.playstation.com,0,0.005039,,0
http://proteccion-santander.app,1,0.999553,,0
http://chat-whatsapp.crazzy.my.id,1,0.999363,,0
https://docker.com,0,0.003812,,0
https://www.commons.wikimedia.org,0,0.002934,,0
https://www.pucrs.br,0,0.006911,,0
http://dev-sistemaenlineaitau-py.pantheonsite.io,1,0.999345,,0
http://apple-id-suspended-verify.com/login,1,0.999447,,0
https://dataprev.gov.br,0,0.049332,,0
http://verifymicrosoft101.wixsite.com,1,0.999488,,0
http://wwz.ib5.contatobradesco.com.br.rum.si,1,0.999391,,0
https://anvisa.gov.br,0,0.035838,,0
http://ebay-glb.shop,1,0.999565,,0
https://magazineluiza.com.br,0,0.040753,,0
https://www.time.com,0,0.004162,,0
http://www--wellsfargo--com--vq49329d48d6c.wsipv6.com,1,0.999179,,0
http://chase-verify.net,1,0.999347,,0
https://www.xbox.com,0,0.015806,,0
https://digitalocean.com,0,0.019834,,0
https://www.ufmg.br,0,0.002435,,0
http://apoembnevbb.com,1,0.999422,,0
https://www.yandex.com,0,0.002588,,0
http://securelinkedin.com,1,0.999171,,0
https://www.signal.org,0,0.012343,,0
https://99app.com,0,0.222278,0.294439,1
http://scxccu.dyndns-ip.com,1,0.99963,,0
http://effem.corporacionfrm.org,1,0.998144,,0
https://net.com.br,0,0.02054,,0
http://www-microsoft-com.office365.auto1.casb.beta.forcepointgov.com,1,0.99957,,0
http://falling-fire-e27e.gvjye7ky.workers.dev,1,0.999608,,0
https://www.statista.com,0,0.007422,,0
https://www.anac.gov.br,0,0.001361,,0
https://www.vercel.com,0,0.002326,,0
http://facebook.66ghz.com,1,0.999188,,0
https://ufce.br,0,0.025991,,0
http://www.shopeemitra.com,1,0.099894,,0
http://buscamercadolivre.netlify.app,1,0.999285,,0
https://www.cloudfront.net,0,0.039934,,0
https://vercel.com,0,0.011405,,0
https://www.triplinkintl.com,0,0.144971,,0
https://behance.net,0,0.055088,,0
http://apps-started.ghost.io,1,0.994443,,0
http://bankofamerica02-logininformation.duckdns.org,1,0.999551,,0
http://dropbox-nft.firebaseapp.com,1,0.999177,,0
http://camaraeugeniodecastro.rs.gov.br,0,0.027188,,0
https://www.estadao.com.br,0,0.001539,,0
http://outlook.office365.cloudfreespace.net,1,0.999453,,0
http://google-account-recovery-alert.com/signin,1,0.999271,,0
http://claimfree28.zyns.com,1,0.999326,,0
https://www.cdc.gov,0,0.001933,,0
https://vimeo.com,0,0.004127,,0
https://www.apache.org,0,0.012822,,0
https://bradesconet.com.br,0,0.428306,0.442473,1
https://www.windows.com,0,0.004729,,0
https://www.receita.fazenda.gov.br,0,0.00374,,0
http://urgent-accesss-log-on.com,1,0.999453,,0
https://www.itau.com.br,0,0.010146,,0
http://m.facebook.com-adhere-9243992424.zoesbeer.com,1,0.999525,,0
http://icloud.find.axnvz.cn,1,0.999629,,0
https://planalto.gov.br,0,0.029161,,0
http://secure03-linkedin.4nmn.com,1,0.999634,,0
https://google-analytics.com,0,0.06317,,0
https://httpd.apache.org,0,0.009977,,0
https://macromedia.com,0,0.071311,,0
http://freenet99.000webhostapp.com,1,0.999412,,0
https://tiktokcdn.com,0,0.932816,,0
https://www.dns.google,0,0.006505,,0
http://medicalcaremarketing.com,1,0.286544,0.560405,1
https://wiley.com,0,0.017156,,0
https://www.aws.amazon.com,0,0.020437,,0
https://www.santandernet.com.br,0,0.038055,,0
https://netlify.com,0,0.873684,,0
https://aliexpress.com,0,0.115604,,0
https://reddit.com,0,0.098054,,0
https://www.arxiv.org,0,0.002383,,0
http://app-ledgur---lives--ss.webflow.io,1,0.999329,,0
https://www.substack.com,0,0.00426,,0
http://login-spotify.skynest.me,1,0.998277,,0
https://gstatic.com,0,0.046308,,0
https://soundcloud.com,0,0.016669,,0
http://instagramcopyrig.0fees.us,1,0.999602,,0
http://bradnoevwaudi.com,1,0.999449,,0
http://grupchatwhatsapp.joins-grups.gq,1,0.999539,,0
https://facebook.com,0,0.052145,,0
https://rappi.com.br,0,0.060949,,0
http://google.de.ttcysuttlart1999.aylandirow.tmf.org.ru,1,0.999635,,0
http://facebook-policyform5.tk,1,0.999267,,0
http://spotify.andrewpham.ca,1,0.981348,,0
http://optus-au.blogspot.tw,1,0.989241,,0
https://akadns.net,0,0.986227,,0
http://matamsklogin.gitbook.io,1,0.996972,,0
http://mobil-deniz-kredi.top,1,0.999626,,0
https://www.office.com,0,0.012123,,0
https://www.azurefd.net,0,0.997451,,0
https://www.spotify.com,0,0.00227,,0
https://www.ufrgs.br,0,0.008115,,0
https://stj.jus.br,0,0.012015,,0
https://www.ezviz7.com,0,0.972744,,0
http://mercadolivre-blackfriday.omb10.com,1,0.999461,,0
https://www.wiley.com,0,0.00232,,0
https://www.linktr.ee,0,0.012593,,0
https://creativecommons.org,0,0.06772,,0
http://2dtb9cnaklie5ob.qwo231sdx.club,1,0.999373,,0
https://okcdn.ru,0,0.921845,,0
https://bancointer.com.br,0,0.068168,,0
https://www.fbcdn.net,0,0.323848,0.451488,1
http://ptoutlook.brizy.site,1,0.999011,,0
https://www.fgv.br,0,0.003173,,0
https://criteo.com,0,0.117029,,0
http://ficosegulifo.webcindario.com,1,0.999467,,0
https://www.tiktok.com,0,0.001898,,0
http://outlook-microsoftlogin98uqwuuw8as.questionpro.com,1,0.999604,,0
http://att-102521-106544.weeblysite.com,1,0.999363,,0
http://ylxilkebay.duckdns.org,1,0.999453,,0
https://ufrgs.br,0,0.07093,,0
https://www.sky.com.br,0,0.005159,,0
https://shifen.com,0,0.936865,,0
https://www.stripe.com,0,0.002611,,0
https://www.pichau.com.br,0,0.00942,,0
http://icloudsingin.my-info.site,1,0.9995,,0
http://bankofamerica.com.hackerspride.net,1,0.999196,,0
https://www.receita.fazenda.gov.br,0,0.00374,,0
https://www.youtube.com,0,0.001415,,0
http://vistashopee.com,1,0.99789,,0
https://google.com.br,0,0.012338,,0
https://www.goo.gl,0,0.004481,,0
http://fbnotification-99664386.becoffee.co,1,0.999582,,0
http://accounts.google.com,1,0.996311,,0
http://spotify-ag.nynylimo.com,1,0.999436,,0
http://ebay.de.gf3fsnpuubap9ak.e8273.pro,1,0.999543,,0
http://service-citi.com,1,0.999406,,0
http://sorteercentra.gq,1,0.999621,,0
https://www.santander.com.br,0,0.005484,,0
http://oevofovezsfrayhig.liusanjie.cc,1,0.999617,,0
https://wikipedia.org,0,0.003582,,0
https://www.nytimes.com,0,0.022238,,0
https://www.roblox.com,0,0.001847,,0
https://root-servers.net,0,0.440015,0.767355,1
https://mackenzie.br,0,0.017056,,0
http://camarairacema.ce.gov.br,0,0.042853,,0
http://usps.com-trackrch.top,1,0.999672,,0
https://wsj.com,0,0.134231,,0
http://bafkreifk6qvfakrmz5r67e5khgnq5s2terxsyqag5ovufez5vi3fgllgha.ipfs.dweb.link,1,0.999528,,0
https://www.trustpilot.com,0,0.001585,,0
http://youssef1701.github.io,1,0.8365,0.527034,1
http://twitterycvxexxvbvirginmedia.plsener.com,1,0.999637,,0
https://www.googledomains.com,0,0.022236,,0
https://www.openai.com,0,0.003119,,0
https://www.whatsapp.net,0,0.023674,,0
https://www.wpa.qq.com,0,0.654165,0.234265,1
https://www.web.archive.org,0,0.00588,,0
https://office365.com,0,0.992437,,0
http://viewlisting-prv-21p41e4biifbhousing.eagm.com,1,0.999587,,0
http://inquiryportal-linkedinpurchase.firebaseapp.com,1,0.999352,,0
http://nidheesh-scaria.github.io,1,0.966168,,0
https://unb.br,0,0.015149,,0
http://nubank.rf.gd,1,0.999189,,0
http://bradesco.resgatedescolivelo.siteprofissional.com,1,0.99957,,0
http://wellsfargo-secureportal-auth-support-login.ikorta-agro.ge,1,0.999596,,0
http://apple-seed-portal-support-online.apple-ast2-support-online.com,1,0.999463,,0
http://answer-e2a2c.web.app,1,0.999195,,0
http://caixabank-online-banking.lowhost.ru,1,0.9996,,0
http://paypal-techsupports.com,1,0.999307,,0
http://humbertocarpio.com,1,0.981812,,0
https://bancopan.com.br,0,0.105695,,0
https://spotify.com,0,0.301035,0.268727,1
http://zmu.muf.mybluehost.me,1,0.999305,,0
https://www.zoho.com,0,0.008892,,0
http://icloud.recoverphone.help,1,0.999308,,0
http://magalujaneiro2020.com,1,0.998759,,0
http://twitterlqie.nylaproductions.com,1,0.999031,,0
http://microsoftacount.0hi.me,1,0.999551,,0
http://www.co.jp.kmpsu.cn,1,0.999365,,0
https://mercadolivre.com.br,0,0.160231,0.406394,1
https://www.stackoverflow.com,0,0.019542,,0
http://banco-inter-app.top/login/seguro,1,0.99965,,0
https://www.gol.com.br,0,0.001552,,0
http://adakaenwe.appspot.com,1,0.999303,,0
https://www.safra.com.br,0,0.009314,,0
https://www.detran.sp.gov.br,0,0.003755,,0
http://centerpontosmultipresente.space,1,0.999432,,0
https://www.nic.ru,0,0.002594,,0
https://www.sharepoint.com,0,0.002797,,0
http://outlookcom188.yolasite.com,1,0.998709,,0
https://www.go.com,0,0.004196,,0
http://caixa-974baa.ingress-daribow.easywp.com,1,0.999377,,0
http://www.eki-net.comn-aesaecceesaa.hppnkj.top,1,0.999631,,0
http://www.microsoft-grupokauffann.com,1,0.999125,,0
http://americanas-semanadobebe.com,1,0.99917,,0
https://github.com,0,0.714595,0.392079,1
https://www.casasbahia.com.br,0,0.009334,,0
https://www.latam.com,0,0.002506,,0
http://confirm.fbookus-95512005.gruppotiozzo.it,1,0.999618,,0
https://go.com,0,0.177543,0.046272,1
http://itaucard.atendementos.com,1,0.999522,,0
https://centauro.com.br,0,0.035476,,0
http://demo.xn--lockchain-zy5d.com,1,0.999295,,0
https://submarino.com.br,0,0.086544,,0
http://chasecertificatesusigon.bill48408mailfonycom.workers.dev,1,0.999618,,0
http://dev-bancoitaupyss.pantheonsite.io,1,0.999396,,0
https://www.meuinss.gov.br,0,0.011162,,0
https://www.wp.com,0,0.00336,,0
https://telegraph.co.uk,0,0.066035,,0
http://formularios2022-brasil-casasbahia.com,1,0.99869,,0
http://instagram-ro.blogspot.com,1,0.996746,,0
https://openai.com,0,0.091092,,0
http://joingroupxxx.mypi.co,1,0.99957,,0
http://steanncommunity.shop,1,0.998733,,0
http://rakoten-account.co.ip.sozocqr.tk,1,0.999604,,0
http://www.arnazan.co.jpsingi.hrxdny.com,1,0.999543,,0
https://www.amzn.to,0,0.066131,,0
http://secure-banking-update-your-account-now-bradesco.com/login,1,0.999485,,0
https://www.cdn77.org,0,0.060061,,0
https://support.google.com,0,0.041798,,0
http://mcvxdaywrok.com,1,0.999446,,0
https://www.valor.globo.com,0,0.480196,0.337643,1
https://ezviz7.com,0,0.961513,,0
https://sicredi.com.br,0,0.138876,,0
https://www.akamaiedge.net,0,0.829331,0.475892,1
https://www.accounts.google.com,0,0.831564,0.397937,1
https://www.ripn.net,0,0.247196,0.255721,1
https://www.zoom.us,0,0.013497,,0
https://arxiv.org,0,0.009809,,0
https://www.stanford.edu,0,0.001713,,0
https://www.band.uol.com.br,0,0.002818,,0
http://spotify-premium-free.com/claim,1,0.999368,,0
http://microsoft-365-security-alert.com/verify,1,0.999465,,0
https://www.caixa.gov.br,0,0.001656,,0
https://aboutads.info,0,0.992959,,0
http://b3e8k.guzhibo.cn,1,0.999578,,0
http://shopeentregas.shop,1,0.999536,,0
https://www.tinyurl.com,0,0.067058,,0
http://facebook.page-contact-center3529002.com,1,0.99945,,0
https://cnpq.gov.br,0,0.004769,,0
https://www.ufsm.br,0,0.005374,,0
http://ddna.top,1,0.999601,,0
https://www.mail.ru,0,0.006821,,0
http://185.234.219.45/caixa/atualizar-dados,1,0.999647,,0
https://www.netshoes.com.br,0,0.019686,,0
http://review-term-of-serviice.gq,1,0.999542,,0
https://www.archive.org,0,0.003507,,0
https://edgesuite.net,0,0.624285,0.653249,1
http://murv-meta-glip-biz.pages.dev,1,0.999475,,0
https://calendly.com,0,0.008335,,0
http://mail.chat-whatsapp9jhvztulp7ajofk9jua.duckdns.org,1,0.999456,,0
https://dropcatch.com,0,0.995788,,0
https://www.ibge.gov.br,0,0.002119,,0
https://www.vungle.com,0,0.003221,,0
https://www.ufpe.br,0,0.008924,,0
https://nubank.com.br,0,0.030619,,0
https://www.cloudflare.com,0,0.003909,,0
https://www.slideshare.net,0,0.021985,,0
http://apple-grx-support.com,1,0.999392,,0
https://mysql.com,0,0.020145,,0
http://ppaypalogin-myaccuont.gitbook.io,1,0.999424,,0
http://appnubankonlinee.joomla.com,1,0.999468,,0
https://www.microsoft.com,0,0.017436,,0
http://ideal-betalingverzoek.xyz,1,0.999637,,0
http://mtbankservar.dynamic-dns.net,1,0.999541,,0
https://www.itau.com.br,0,0.010146,,0
http://bancoitaufeitopravoce.com,1,0.999422,,0
http://facebooknew.net,1,0.989067,,0
http://crecise.gov.br,0,0.031457,,0
http://mail.iforgot-apple.ws,1,0.999296,,0
http://eskimofrozen.com,1,0.050293,,0
http://pahularora.github.io,1,0.948679,,0
https://ifood.com.br,0,0.059946,,0
http://micro-office365-verify-109743.square.site,1,0.999547,,0
http://chase10secure.com,1,0.998842,,0
http://www.spotifyfreeaccount.org,1,0.971178,,0
http://www--wellsfargo--com--lg49329d48d6c.wsipv6.com,1,0.999071,,0
http://www--wellsfargo--com--wb49329d48d6c.wsipv6.com,1,0.999152,,0
http://www--wellsfargo--com--j349329d48d6c.wsipv6.com,1,0.999074,,0
https://gitlab.com,0,0.030073,,0
http://amigos-nubank-descontohoje.com,1,0.999561,,0
http://kamcoboston-house.s3.ap-northeast-3.amazonaws.com,1,0.990032,,0
https://www.ggpht.com,0,0.013756,,0
http://userpuntos.puntoitau.com,1,0.999243,,0
http://www-bradesco71.bra-ecomerce.com,1,0.99967,,0
http://spotify-02.vercel.app,1,0.998101,,0
http://metalsnewshubb.com,1,0.994519,,0
https://www.harvard.edu,0,0.0047,,0
https://domaincontrol.com,0,0.21005,0.66127,1
http://10-250.paypal-merchant.ru,1,0.999574,,0
https://triplinkintl.com,0,0.940556,,0
https://comprasnet.gov.br,0,0.032231,,0
http://ebay.de.rk6ise7irjbk2ul.e8273.pro,1,0.999527,,0
http://tiktok-store-download.github.io,1,0.725249,0.889974,1
http://apnashopee.com,1,0.997786,,0
http://santanderltd.net,1,0.998281,,0
https://www.anthropic.com,0,0.00672,,0
http://apple-appleid.com.member-setup.area-76s26id.dynv6.net,1,0.999653,,0
http://citi1-banksupport.serveusers.com,1,0.999451,,0
http://0ff1c.s3.us-east-2.amazonaws.com,1,0.998341,,0
https://podcasts.apple.com,0,0.043569,,0
https://kaggle.com,0,0.333475,0.392079,1
http://beat-netflix-clone.vercel.app,1,0.999092,,0
http://appiefontstore.serveirc.com,1,0.999027,,0
http://abcooltext.com,1,0.974927,,0
http://jukio.s3.sa-east-1.amazonaws.com,1,0.996961,,0
http://apple.support-auth.live,1,0.999282,,0
https://www.facebook.com,0,0.009488,,0
https://googlevideo.com,0,0.079563,,0
https://www.drive.google.com,0,0.415699,0.355004,1
https://www.ea.com,0,0.007348,,0
https://www.cnn.com,0,0.007574,,0
https://www.nih.gov,0,0.008662,,0
https://spo-msedge.net,0,0.9995,,0
http://bradescori.com.br.admin-mcas-df.ms,1,0.99947,,0
http://netflix.compayment.workers.dev,1,0.999552,,0
https://azurewebsites.net,0,0.966353,,0
http://webmail.saude.gov.br.structures-metal.com,1,0.999367,,0
https://www.reddit.com,0,0.003409,,0
https://ea.com,0,0.085637,,0
https://www.gravatar.com,0,0.001766,,0
https://gmail.com,0,0.324103,0.312266,1
https://insper.edu.br,0,0.061401,,0
https://banco.bradesco,0,0.997674,,0
https://tiktok.com,0,0.004563,,0
http://santanderukcancel.deviceremove-request.co,1,0.999542,,0
http://365hbb.com,1,0.801449,0.591405,1
http://preetsharma2507.github.io,1,0.918309,,0
https://conectesus.saude.gov.br,0,0.077166,,0
http://adityaraj1114.github.io,1,0.728404,0.529318,1
http://scarletmail-rutgers.pages.dev,1,0.999508,,0
http://cfmowszg.wcnv20.cn,1,0.999598,,0
https://www.anvisa.gov.br,0,0.003693,,0
https://www.washingtonpost.com,0,0.028753,,0
https://who.int,0,0.035337,,0
https://uem.br,0,0.012993,,0
https://www.bancodobrasil.com.br,0,0.004911,,0
https://weibo.com,0,0.055838,,0
http://withyoumall.toamazonsafari.xyz,1,0.999611,,0
http://metamaskasbt.azurewebsites.net,1,0.999343,,0
http://formularios-casasbahia.com,1,0.998563,,0
https://www.wildberries.ru,0,0.098573,,0
https://hubspot.com,0,0.010476,,0
https://www.unicamp.br,0,0.012127,,0
http://clubempleadosbancoitau.com.uy,1,0.995893,,0
https://ufpe.br,0,0.032276,,0
https://nature.com,0,0.025436,,0
https://qq.com,0,0.419186,0.273314,1
http://amazoon.co.jp.tnl98p8k.cc,1,0.999516,,0
https://www.ufba.br,0,0.005337,,0
https://www.cdninstagram.com,0,0.214335,0.363203,1
http://receita-federal-restituicao.com/consultar,1,0.999479,,0
https://apple.com,0,0.11749,,0
http://twitterfzxb.nylaproductions.com,1,0.999033,,0
http://bups.tiktok-shopeemall.shop,1,0.999489,,0
http://ebaym.cc,1,0.805495,0.357212,1
https://www.npr.org,0,0.004477,,0
http://dropboxeb.weebly.com,1,0.998431,,0
http://shopee86.com,1,0.997522,,0
https://amazonaws.com,0,0.318397,0.643379,1
https://nextel.com.br,0,0.029296,,0
http://adobe-file-en.azurewebsites.net,1,0.996545,,0
http://45.33.32.156/secure/itau-login.php,1,0.999655,,0
http://online.engineeius.com,1,0.999318,,0
https://cloudflare.net,0,0.551405,0.659974,1
http://www.mercadolivre.city,1,0.985448,,0
http://squareup.netchasedpts.com,1,0.999468,,0
https://www.banese.com.br,0,0.013632,,0
https://ebay.com,0,0.04942,,0
https://www.yahoo.com,0,0.001384,,0
https://gtld-servers.net,0,0.995904,,0
https://www.researchgate.net,0,0.003504,,0
http://micropool-defi.co,1,0.9994,,0
https://flickr.com,0,0.005042,,0
https://googleusercontent.com,0,0.132466,,0
http://9f07657d6f88f3e4543ff77f67c96154.serveo.net,1,0.999301,,0
https://www.ufrj.br,0,0.004276,,0
http://www.spotifyquiz.online,1,0.045676,,0
http://www.verfiy-bankofamerica-now.ns01.info,1,0.999626,,0
http://orico-nataeri.com,1,0.999404,,0
https://statista.com,0,0.015843,,0
http://www-bradesco52.w12modulopoint.com,1,0.999553,,0
http://mtfhc.blogspot.sn,1,0.991569,,0
https://www.policies.google.com,0,0.028861,,0
http://linkedinprem.com,1,0.999296,,0
https://vivareal.com.br,0,0.230732,0.395564,1
http://americanas-tododia.redirectme.net,1,0.999081,,0
http://www_bankofamerica_com.balancingagent.info,1,0.999499,,0
https://www.digicert.com,0,0.025943,,0
http://trexorstart.webflow.io,1,0.987667,,0
http://santander.brubankers.repl.co,1,0.99958,,0
http://bankofamerica.webredirect.org,1,0.998663,,0
https://www.fiap.com.br,0,0.013478,,0
https://santandernet.com.br,0,0.611818,0.392284,1
http://chasychase.net,1,0.740293,0.649324,1
http://cliente-nubank.joomla.com,1,0.998262,,0
http://microsoft-firewall-error-ocske30-tf9z2.ondigitalocean.app,1,0.999278,,0
http://undyan-2025.biz.id,1,0.999459,,0
http://grup-wa-viral2022.duckdns.org,1,0.999103,,0
https://www.azureedge.net,0,0.711816,0.034449,1
http://com-tracking-helpboj.cc,1,0.999467,,0
http://mercadolivre2022.blogspot.com,1,0.998771,,0
https://www.bcb.gov.br,0,0.001429,,0
https://www.aaplimg.com,0,0.61247,0.021774,1
https://wildberries.ru,0,0.919274,,0
http://online.internet-baking-singaporeibb.com,1,0.999535,,0
https://www.weibo.com,0,0.002256,,0
http://logininstagram02704.altervista.org,1,0.99931,,0
http://jiz.supercores.xyz,1,0.999593,,0
https://gc.ca,0,0.010161,,0
https://www.ibm.com,0,0.008793,,0
https://www.php.net,0,0.008185,,0
https://www.netlify.com,0,0.007894,,0
https://miit.gov.cn,0,0.138845,,0
https://www.blogspot.com,0,0.002657,,0
http://grub-bhokep-2022-viral.duckdns.org,1,0.999292,,0
http://55586bb.com,1,0.998423,,0
https://www.googlesyndication.com,0,0.007016,,0
https://gvt1.com,0,0.818676,0.3842,1
https://bbc.co.uk,0,0.041374,,0
https://www.gemini.google.com,0,0.020122,,0
http://www.shopee80010.com,1,0.999204,,0
http://goali25.cc,1,0.998922,,0
http://login-web235817852.com,1,0.99963,,0
https://www.pagseguro.com.br,0,0.006403,,0
https://www.unb.br,0,0.003189,,0
https://www.sicoob.com.br,0,0.011761,,0
http://lrqri9ydx2iaptdb3uhmh.qwo231sdx.club,1,0.999451,,0
http://santander.particularempresas.com,1,0.998182,,0
https://www.trafficmanager.net,0,0.005987,,0
http://casadasreceitas.com,1,0.968868,,0
http://kit-oficina-mondial.blogspot.com,1,0.985129,,0
http://curly-spotted-pocket.glitch.me,1,0.995657,,0
https://www.azurewebsites.net,0,0.16956,0.011059,1
https://www.tiktokcdn.com,0,0.084012,,0
https://www.mozilla.org,0,0.007562,,0
http://icloud.id-info.pw,1,0.999568,,0
https://www.oi.com.br,0,0.002848,,0
https://www.rubiconproject.com,0,0.012199,,0
https://pypi.org,0,0.188828,0.248441,1
http://whatsappchat-grup.mylink2023.cfd,1,0.99939,,0
https://etsy.com,0,0.006425,,0
http://instagram.secureyouraccounthere.com,1,0.999498,,0
https://www.trbcdn.net,0,0.256545,0.474122,1
https://github.io,0,0.017265,,0
http://ndea5olsxq82njm.www.dautzeuz.com,1,0.999662,,0
https://www.duckduckgo.com,0,0.022225,,0
http://u1134086blj.ha004.t.justns.ru,1,0.999516,,0
http://facebookco-232118147.ho27.co,1,0.999579,,0
http://wetransfego.eu-gb.cf.appdomain.cloud,1,0.999373,,0
https://www.dailymail.co.uk,0,0.015718,,0
https://www.unipampa.edu.br,0,0.005969,,0
https://www.qq.com,0,0.004945,,0
https://www.doi.org,0,0.00655,,0
http://fp-bjpz8cn.web.app,1,0.999522,,0
https://godaddy.com,0,0.179295,0.421307,1
http://dropboxview.thebeestro.com,1,0.998657,,0
http://gerhj.pages.dev,1,0.999271,,0
https://www.aol.com,0,0.008645,,0
https://anthropic.com,0,0.013343,,0
http://dropboxbusinesssecureonems.com,1,0.999497,,0
http://data-center-moderation-verification.pages.dev,1,0.999218,,0
http://bradesco.atendimentoclientespj.com,1,0.99945,,0
http://baucarshopee1463.weebly.com,1,0.999488,,0
http://anj-netflix-clone-react-lkdjif9ig-anjalishow.vercel.app,1,0.999188,,0
http://www-bradesco89.propointcompany.com,1,0.999499,,0
http://itau-security.ml,1,0.999685,,0
http://myciti-serv.mytihoru.workers.dev,1,0.999581,,0
http://normativaportalepsd2.com,1,0.999111,,0
http://www.office.com.office.microsoftoffice365.mahagen2qaar.devshn.net,1,0.999577,,0
https://www.hicloudcam.com,0,0.963677,,0
https://blogger.com,0,0.001049,,0
https://stf.jus.br,0,0.016599,,0
http://detran-consulta-multas.net/verificar,1,0.999334,,0
https://zoom.us,0,0.634684,0.183899,1
http://bankofamerica.com.giatin.vn,1,0.997465,,0
https://trafficmanager.net,0,0.367273,0.630782,1
http://appeal-submission-required.dlnjqkk3ox5as.amplifyapp.com,1,0.999244,,0
http://bt6gkj4pmek7u5zqw3.qwo231sdx.club,1,0.999224,,0
http://planosbradescosaude.com.br,1,0.942012,,0
https.mercadolivre.com.ttcysuttlart1999.aylandirow.tmf.org.ru,1,0.943928,,0
http://office365dumc0med5cibcugnc7dkvci2qbmrzo72wkguova62vqkkcib.softmail1.workers.dev,1,0.999644,,0
http://jestin3022.s3.eu-de.cloud-object-storage.appdomain.cloud,1,0.999456,,0
http://mercadolivre2022.blogspot.bg,1,0.997778,,0
https://www.tse.jus.br,0,0.003904,,0
http://pub-2d095e00f44046eca7d9e58ae46d052c.r2.dev,1,0.999362,,0
https://nytimes.com,0,0.026898,,0
http://www.onlineoutlook365.com.assistance-office-microsoft.com,1,0.999335,,0
http://caixaes-supes.com,1,0.999165,,0
http://wordpress-791764-2704961.cloudwaysapps.com,1,0.995567,,0
https://www.ytimg.com,0,0.00346,,0
http://codedpeople.co.uk,1,0.051389,,0
https://www.avast.com,0,0.005393,,0
https://www.e2ro.com,0,0.00666,,0
https://www.b-cdn.net,0,0.012314,,0
https://registrar-servers.com,0,0.983072,,0
https://www.mit.edu,0,0.00573,,0
http://www.kueronakayaeotn.co.jp.kuerocekayaoooto.jtjxas.top,1,0.999576,,0
https://fbcdn.net,0,0.955622,,0
https://www.bb.com.br,0,0.002837,,0
https://www.shopify.com,0,0.00653,,0
http://50receitascommel.com,1,0.998694,,0
http://citi-support.net,1,0.998957,,0
https://gnu.org,0,0.036126,,0
https://www.stf.jus.br,0,0.0042,,0
http://app.americanas.servicosac24horas.com,1,0.999367,,0
https://r7.com,0,0.554828,0.176139,1
https://oup.com,0,0.012205,,0
https://www.centauro.com.br,0,0.007787,,0
https://www.tse.jus.br,0,0.003904,,0
https://hp.com,0,0.034722,,0
http://103.45.67.89/netflix/verify-account,1,0.999605,,0
https://www.example.com,0,0.00394,,0
https://microsoftonline.com,0,0.438285,0.307133,1
http://camaraareial.pb.gov.br,0,0.075604,,0
https://unicamp.br,0,0.049444,,0
https://a2z.com,0,0.043217,,0
http://twitterxunq.nylaproductions.com,1,0.9984,,0
https://www.ufsm.br,0,0.005374,,0
https://www.ufscar.br,0,0.006467,,0
https://www.debian.org,0,0.001007,,0
http://qbmarchentonline.com,1,0.99938,,0
https://esic.gov.br,0,0.002885,,0
https://www.line.me,0,0.004971,,0
https://gol.com.br,0,0.005451,,0
http://office365-microsoft-sessionid000769577-document.owa365.workers.dev,1,0.999575,,0
https://t-msedge.net,0,0.999035,,0
http://secure.lbankofamerica.repl.co,1,0.999566,,0
http://eby.ebayshos.com,1,0.999532,,0
http://office365.us.admin-mcas-gov.ms,1,0.99948,,0
https://caixa.gov.br,0,0.003424,,0
http://amazon-107684.weeblysite.com,1,0.999302,,0
http://5ghhjyth4eg3f3g.blogspot.ba,1,0.998841,,0
http://centralnubank-appnubank.wpdevcloud.com,1,0.999567,,0
http://helpeachother160.shop,1,0.999619,,0
http://facepopup.000webhostapp.com,1,0.999449,,0
https://php.net,0,0.154022,0.213762,1
https://www.g.page,0,0.096086,,0
https://fgv.br,0,0.007675,,0
https://www.serpro.gov.br,0,0.004073,,0
https://www.dnsowl.com,0,0.180803,0.32288,1
http://instagram-baiiouiuts-login.blogspot.co.at,1,0.999458,,0
https://list-manage.com,0,0.980776,,0
http://pieknydzien.online,1,0.998501,,0
http://jupiter-dex.pages.dev,1,0.999178,,0
https://www.bytefcdn-oversea.com,0,0.99917,,0
http://santanderhelppage.com,1,0.998527,,0
https://www.userapi.com,0,0.011296,,0
http://rvm-12813611.phonepanda.net,1,0.99942,,0
https://debian.org,0,0.006899,,0
https://amazon.dev,0,0.962069,,0
http://egeperdetekstil.com,1,0.998243,,0
https://cnbc.com,0,0.102753,,0
http://americanas-ofertass-novembro.gq,1,0.9996,,0
https://www.instagram.com,0,0.002143,,0
http://outlook-103152.weeblysite.com,1,0.99914,,0
http://login.microsofts.exchange,1,0.998856,,0
https://www.bcb.gov.br,0,0.001429,,0
http://mshalom27.github.io,1,0.433515,0.573645,1
http://www.beritaterupdate2024.chek5.my.id,1,0.999395,,0
http://sforvq00ox8acn.qwo231sdx.club,1,0.999393,,0
https://www.criteo.com,0,0.00537,,0
https://banestes.com.br,0,0.163408,0.165927,1
https://cdn-apple.com,0,0.984884,,0
https://www.akamai.net,0,0.034467,,0
http://microsoffilesecurebthomelogindropboxupdatetboxgidropbox.weebly.com,1,0.999483,,0
https://www.springer.com,0,0.002734,,0
https://vungle.com,0,0.042526,,0
https://terabyteshop.com.br,0,0.17579,0.13559,1
http://microsoft-customers.dns.army,1,0.998609,,0
http://ujjwalmishra-39.github.io,1,0.548461,0.480397,1
http://instagram-clone-ruby-ten.vercel.app,1,0.999001,,0
http://login-bancodobrasil.top/verify,1,0.999597,,0
https://brb.com.br,0,0.014839,,0
http://auth---bitbuy-logo--sso---ca-auth.webflow.io,1,0.999056,,0
http://profilefacebook-4024246867.agencija-klopotec.si,1,0.99944,,0
https://ufmg.br,0,0.009093,,0
https://www.vk.com,0,0.008113,,0
http://v12335322131a.cloud,1,0.999372,,0
http://receber-post-correios-rrfd.codeanyapp.com,1,0.999514,,0
https://yandex.net,0,0.362138,0.059427,1
https://azureedge.net,0,0.976896,,0
http://caixadirecta-certificado.com,1,0.999025,,0
https://www.uber.com,0,0.001993,,0
https://windows.net,0,0.338509,0.048411,1
http://facebook-profile-10002321321314.net,1,0.999293,,0
https://npr.org,0,0.017946,,0
http://jpmorgan-chaseonline.chase.bearsonthemantlepiece.com,1,0.999526,,0
http://metroind.com.au,1,0.334698,0.050902,1
http://twitterbogd.nylaproductions.com,1,0.99813,,0
http://csmoneey.monster,1,0.99913,,0
http://citisecurebnk.duckdns.org,1,0.999634,,0
http://www.bankofamerica.com.embsolutions.org,1,0.997893,,0
https://www.azul.com.br,0,0.005922,,0
http://fragrant-salad-ec2c.siwoyot201.workers.dev,1,0.999539,,0
https://nginx.org,0,0.051189,,0
https://www.player.vimeo.com,0,0.001427,,0
http://santander.co.uk.accessolb.com,1,0.9996,,0
https://www.nginx.org,0,0.009391,,0
http://linkedinn3.weebly.com,1,0.9981,,0
http://www.telegram01.com,1,0.992851,,0
https://heroku.com,0,0.306882,0.01887,1
http://online.catalunyacaixa.com.es,1,0.997847,,0
http://netflix-clone-five-fawn.vercel.app,1,0.999221,,0
http://backup-blogger-57aaa1ad.s3.us-east-2.amazonaws.com,1,0.998577,,0
http://outlook.schule-goldbach.de,1,0.544992,0.747793,1
https://www.camara.leg.br,0,0.009954,,0
http://pathwayscounselling.co.nz,1,0.97456,,0
http://www.cpcalendars.secure07bchase08reverifycase787328.duckdns.org,1,0.999614,,0
http://55553bb.com,1,0.996665,,0
https://www.ebay.com,0,0.003803,,0
http://verfahren-apo.com,1,0.998236,,0
http://correios-homeacces.com,1,0.999053,,0
http://atlt11.weebly.com,1,0.997389,,0
https://azure.com,0,0.012247,,0
http://com-trackdiw.top,1,0.999626,,0
https://ufscar.br,0,0.016912,,0
http://twitterxzuw.nylaproductions.com,1,0.998525,,0
http://aupxwkwwmw.duckdns.org,1,0.999595,,0
https://www.planalto.gov.br,0,0.003726,,0
http://dgfg4g4fdcf4.blogspot.com,1,0.998635,,0
https://www.pubmed.ncbi.nlm.nih.gov,0,0.007241,,0
http://itiitaubrasil.000webhostapp.com,1,0.999594,,0
https://www.en.wikipedia.org,0,0.008217,,0
https://www.amazon-adsystem.com,0,0.992727,,0
http://www.docs-google.com,1,0.96975,,0
https://www.get.adobe.com,0,0.076809,,0
https://aws.dev,0,0.0155,,0
https://www.britannica.com,0,0.001501,,0
http://linkedin.suporrt.com,1,0.99909,,0
https://www.telegram.org,0,0.01259,,0
http://rentalconnectioninc-rz.tk,1,0.999415,,0
http://ckn-myweb-wetran-sfer-vbn23j-3.netlify.app,1,0.999529,,0
https://3gppnetwork.org,0,0.766188,0.071237,1
http://ziadanbari2021.github.io,1,0.993002,,0
https://banese.com.br,0,0.114079,,0
http://dropbox.bilgenart.com,1,0.998232,,0
https://www.susep.gov.br,0,0.001833,,0
https://www.nubank.com.br,0,0.008696,,0
http://bradesco-prime.xyz/conta/verificar,1,0.999642,,0
http://qvrifob.cocoifly.cn,1,0.999584,,0
https://btgpactual.com,0,0.997826,,0
https://www.imdb.com,0,0.00779,,0
http://groups-whatsappxs66.se.ke,1,0.999243,,0
http://pubgxl.ml,1,0.999214,,0
https://www.dzen.ru,0,0.007425,,0
https://www.okcdn.ru,0,0.050109,,0
http://www.google.com.bn,1,0.50944,0.219735,1
http://sua-magalu.com,1,0.964551,,0
https://www.creativecommons.org,0,0.010495,,0
https://dev.to,0,0.331797,0.054159,1
http://mercadolivre.plus,1,0.999042,,0
http://atitudetransforma.com.br,1,0.497839,0.096447,1
https://www.net.com.br,0,0.005317,,0
http://sghtg.pages.dev,1,0.99916,,0
http://39036bb.com,1,0.998456,,0
https://itunes.apple.com,0,0.994457,,0
http://www.mychasebankverify.com,1,0.999095,,0
https://taboola.com,0,0.003913,,0
https://www.plesk.com,0,0.043038,,0
https://detran.gov.br,0,0.005734,,0
http://outlook.office365.com.auth.micro2022verify.ml,1,0.99954,,0
https://firebase.google.com,0,0.978822,,0
https://www.icloud.com,0,0.008104,,0
https://www.itunes.apple.com,0,0.958402,,0
https://www.nasa.gov,0,0.003407,,0
https://one.one,0,0.955538,,0
http://progran-shopee39.blogspot.com,1,0.999529,,0
http://grubwhatsaaptante.duckdns.org,1,0.999483,,0
http://magaluo.gsggs.com,1,0.999451,,0
http://location-apple.us,1,0.99865,,0
http://234.202.192.35.bc.googleusercontent.com,1,0.998964,,0
http://bradescovirtual.com,1,0.917741,,0
https://apps.apple.com,0,0.205356,0.174183,1
https://doi.org,0,0.055254,,0
http://americanaseshop.com,1,0.967321,,0
http://primeira-venda-na-shopee-alppxodyjxhmny55.builder-preview.com,1,0.999621,,0
https://www.gvt1.com,0,0.193102,0.018108,1
https://www.googlevideo.com,0,0.004181,,0
https://eventbrite.com,0,0.319382,0.034677,1
https://calendar.google.com,0,0.031704,,0
http://www--wellsfargo--com--f449329d48d6c.wsipv6.com,1,0.999082,,0
https://cloudflare.com,0,0.399768,0.172347,1
http://citi1bank.serveuser.com,1,0.999559,,0
https://adobe.com,0,0.091157,,0
https://www.yandex.net,0,0.007801,,0
https://www.hp.com,0,0.003876,,0
http://bancopichincha.neocities.org,1,0.860493,,0
https://www.samsung.com,0,0.003971,,0
http://outlookwebacessdesk.weebly.com,1,0.998744,,0
https://www.telegram.me,0,0.012563,,0
http://www.nuevocaixasign.81a6803f2b9462432.temporary.link,1,0.999583,,0
http://secure-blokfi---sso-cdn-auths.webflow.io,1,0.999319,,0
http://apple-frontend-replica-bootstrap.netlify.app,1,0.999236,,0
https://www.aws.dev,0,0.007561,,0
http://www.ekl-net.com-asoceesnesas.ffreon.top,1,0.999618,,0
http://www.amazon-check-co-jp.d1f.top,1,0.999498,,0
http://174857.dropbox-mediafire.biz.id,1,0.999452,,0
https://www.ttdns2.com,0,0.980921,,0
http://america1creditunion.viewdns.net,1,0.99833,,0
https://www.hubspot.com,0,0.002951,,0
http://ofertasmagaluizaa.black,1,0.999542,,0
http://latamtravelsalesonline.vercel.app,1,0.999135,,0
http://netflix2024.com,1,0.999187,,0
http://refiltradeboardnod.pages.dev,1,0.999421,,0
https://www.nginx.com,0,0.009724,,0
http://2022microsoft-office-356.on.fleek.co,1,0.998767,,0
https://ans.gov.br,0,0.007234,,0
https://netflix.com,0,0.483837,0.035786,1
http://www.banco-do-brasil-seguro.com/login,1,0.996389,,0
https://www.cdn-apple.com,0,0.990487,,0
http://www.google.bf,1,0.447369,0.032933,1
http://bb.comeauxscajunspice.com,1,0.989885,,0
https://www.airbnb.com.br,0,0.002117,,0
http://epizme.com,1,0.028418,,0
https://www.open.spotify.com,0,0.104818,,0
http://dry-bar-4120.on.fleek.co,1,0.997048,,0
https://www.vivo.com.br,0,0.001642,,0
https://www.3gppnetwork.org,0,0.053273,,0
https://aws.amazon.com,0,0.020706,,0
https://www.ig.com.br,0,0.002098,,0
https://cnn.com,0,0.030147,,0
http://mercadolivre.enviosdeoutubro.com,1,0.998823,,0
http://verifikasixfacebook111.tk,1,0.999461,,0
http://amazonabb.com,1,0.998981,,0
http://receita-pb-gov-br.webflow.io,1,0.999087,,0
http://appfsegbb.com,1,0.999491,,0
http://icloud-findable.help,1,0.999265,,0
https://ytimg.com,0,0.014883,,0
http://bigboytrade.com,1,0.722152,0.157282,1
http://anidhya.com,1,0.709713,0.55419,1
https://anatel.gov.br,0,0.049248,,0
http://pub-9a4ff9e9568b4b57ad339f9738ad0e53.r2.dev,1,0.999381,,0
https://loc.gov,0,0.058096,,0
https://www.tandfonline.com,0,0.038191,,0
http://sleamcomnuniti.com,1,0.999042,,0
https://www.stone.com.br,0,0.006018,,0
https://www.snapchat.com,0,0.004998,,0
http://centraldocumentossantander.com.br,1,0.696829,0.304772,1
http://paypal.co.uk.bwgg.in,1,0.998891,,0
https://www.shopee.com.br,0,0.003528,,0
http://microsoft-outlook-106852.weeblysite.com,1,0.999297,,0
https://www.canva.com,0,0.002885,,0
http://apple-icloud.in,1,0.99909,,0
https://www.gitlab.com,0,0.003376,,0
https://beian.gov.cn,0,0.445944,0.043776,1
http://v1instagram.com,1,0.078532,,0
https://www.picpay.com,0,0.004169,,0
http://3115bb.com,1,0.991157,,0
http://http-106793.weeblysite.com,1,0.999069,,0
https://dzen.ru,0,0.07554,,0
http://echase8459.azurewebsites.net,1,0.999072,,0
https://berkeley.edu,0,0.015693,,0
http://secure-citi47.myvnc.com,1,0.999542,,0
https://www.berkeley.edu,0,0.003245,,0
http://crmjalgsazpnxppz-dot-millinium.ey.r.appspot.com,1,0.997565,,0
http://secureloginnows.mentalmojo.me,1,0.999595,,0
http://meto-stack.pages.dev,1,0.999186,,0
https://www.g1.globo.com,0,0.169033,0.10787,1
http://grubmabar.chat-whatsapp2.ga,1,0.998774,,0
https://windowsupdate.com,0,0.809739,0.058484,1
https://mozilla.org,0,0.023555,,0
https://www.windows.net,0,0.007337,,0
http://vipebaye.com,1,0.999184,,0
https://www.gc.ca,0,0.002172,,0
http://outlook-files838685-5378.s3.eu-de.cloud-object-storage.appdomain.cloud,1,0.999401,,0
http://cmnovacanaapaulista.sp.gov.br,0,0.131544,,0
https://www.office365.com,0,0.01752,,0
http://linkedinpremium.life,1,0.99923,,0
https://substack.com,0,0.757238,0.21693,1
http://correios-rastreamento-encomenda.com/tracking,1,0.999487,,0
https://record.com.br,0,0.035615,,0
https://ax-msedge.net,0,0.998369,,0
http://youssef-ehab1701.github.io,1,0.855482,,0
http://citizens-0nlinebnking-srf.pages.dev,1,0.999592,,0
http://yuni0725.github.io,1,0.889404,,0
http://pub-0b05629223884ef487770ad25e66c0f1.r2.dev,1,0.999455,,0
https://www.cvm.gov.br,0,0.001971,,0
https://www.pucrs.br,0,0.006911,,0
http://dzyeztegklbggotg-dot-millinium.ey.r.appspot.com,1,0.99794,,0
https://www.sbt.com.br,0,0.003707,,0
https://tjsp.jus.br,0,0.022545,,0
http://instagramsecrettalk.blogspot.al,1,0.997774,,0
http://qjsxz.media4europe.info,1,0.999429,,0
https://daycoval.com.br,0,0.19767,0.074356,1
http://icloud-ecuador.miprimersitioweb.org,1,0.999446,,0
http://licitacao.rc.sp.gov.br,0,0.014334,,0
http://dev-tkia.pantheonsite.io,1,0.999116,,0
http://att-100062.weeblysite.com,1,0.999155,,0
https://correios.com.br,0,0.007541,,0
https://www.reg.ru,0,0.005387,,0
https://iti.itau,0,0.954106,,0
https://vivo.com.br,0,0.005863,,0
https://www.gtld-servers.net,0,0.248699,0.14428,1
http://bankofamerica.win12.us,1,0.999338,,0
http://nhat7p-nguyen.pages.net.br,1,0.993929,,0
https://globo.com,0,0.01195,,0
https://www.discord.com,0,0.001751,,0
https://www.sentry.io,0,0.008452,,0
http://essencebancorpebb.com,1,0.999303,,0
https://stripe.com,0,0.010699,,0
https://www.m.facebook.com,0,0.272857,0.269918,1
https://algar.com.br,0,0.03629,,0
http://suport-find.com.tr,1,0.942302,,0
https://www.tudoazul.com,0,0.034127,,0
https://www.etsy.com,0,0.002687,,0
https://www.wordpress.com,0,0.036131,,0
http://secure3-91934819001003nbankofamerica99410300986548232.netlify.app,1,0.99954,,0
https://b-cdn.net,0,0.158655,0.106339,1
https://www.cookiedatabase.org,0,0.011992,,0
http://support-icloud.com.es,1,0.811848,0.713889,1
https://www.azure.com,0,0.005748,,0
http://238.247.paypal-merchant.ru,1,0.999585,,0
http://www.agricloud.ro,1,0.157185,0.05887,1
http://supportwhatsapp-inbox-v1a.ubpages.com,1,0.999335,,0
https://www.edgekey.net,0,0.013977,,0
http://microsoftoutlookmails.weebly.com,1,0.999064,,0
https://www.shoptime.com.br,0,0.166192,0.015397,1
https://bancodobrasil.com.br,0,0.027193,,0
http://www.eki-net.cocm-aesaaesenet.pokxaz.top,1,0.999637,,0
https://claude.ai,0,0.084858,,0
https://washingtonpost.com,0,0.004483,,0
https://ripn.net,0,0.368255,0.018147,1
http://facebook.discreteform.info,1,0.999339,,0
http://hongxin-as07-kr-tls.pages.dev,1,0.999429,,0
https://uk.com,0,0.005006,,0
https://forbes.com,0,0.008843,,0
http://fb3097.com,1,0.995385,,0
http://twittermzhp.exclusifmoveis.com.br,1,0.998718,,0
https://oracle.com,0,0.011093,,0
https://kabum.com.br,0,0.056501,,0
https://wired.com,0,0.06387,,0
http://1stglobalcapitalinvestors.com,1,0.909863,,0
http://redorange-54175.firebaseapp.com,1,0.999323,,0
http://bankofamerica-login.dns04.com,1,0.999503,,0
http://shopeejob.com,1,0.985308,,0
https://en.wikipedia.org,0,0.006927,,0
http://amazon.com.alicn2.com,1,0.997992,,0
http://find-my-apple-help.info,1,0.998535,,0
http://netflix.authentication.clientlogin.digitalsang.com,1,0.999572,,0
http://security-support-case-n-0a132d.netlify.app,1,0.999231,,0
https://www.kaspersky.com,0,0.004801,,0
http://diamondmobilelegends.duckdns.org,1,0.999457,,0
https://www.wsj.com,0,0.007572,,0
https://sky.com.br,0,0.038585,,0
https://www.unity3d.com,0,0.003833,,0
https://www.uel.br,0,0.005982,,0
https://www.opera.com,0,0.000938,,0
http://pencopotanakungoogleplay.from35.biz.id,1,0.999441,,0
https://www.riotgames.com,0,0.008428,,0
http://uspz.uspsol.top,1,0.999669,,0
http://tanishpashte.github.io,1,0.42915,0.521038,1
http://carloschagas.mg.gov.br,0,0.01344,,0
http://uspscx.us,1,0.998648,,0
https://www.google-analytics.com,0,0.013704,,0
https://www.stf.jus.br,0,0.0042,,0
https://whatsapp.com,0,0.028716,,0
https://www.ietf.org,0,0.018651,,0
https://userapi.com,0,0.448888,0.669639,1
http://jbchasecenter0reversalonline.duckdns.org,1,0.999631,,0
http://paypalloginin-usa.blogspot.hu,1,0.99882,,0
http://americanascompreemcasacom.com,1,0.998898,,0
http://1024-4d9.pages.dev,1,0.999227,,0
https://www.ufsc.br,0,0.003858,,0
http://integritycreditrepair.net,1,0.368192,0.587917,1
https://www.pv-cdn.net,0,0.010975,,0
https://www.uk.com,0,0.008491,,0
https://wikimedia.org,0,0.00409,,0
https://www.theguardian.com,0,0.006746,,0
http://appitaucardfatura.com,1,0.999206,,0
http://rjxdnveynurx4atdiurvpmecpbjecpcntpqn5f6tq2nlaj67nmkq.arweave.net,1,0.999634,,0
http://fidelityworkplaceem.click,1,0.999226,,0
http://ebay.store-aq.shop,1,0.999513,,0
https://www.original.com.br,0,0.013124,,0
https://www.taboola.com,0,0.00247,,0
https://www.bbc.com,0,0.025631,,0
http://www.teccna.de,1,0.028931,,0
http://sowwmyaa.github.io,1,0.997654,,0
https://www.x.com,0,0.007525,,0
https://instagram.com,0,0.032094,,0
https://www.ifood.com.br,0,0.002413,,0
http://ebay-case.negative-feedback-displayed.xyz,1,0.999499,,0
http://icloud-located.us,1,0.998488,,0
http://arnz.hmnfky.cyou,1,0.99961,,0
https://www.aliexpress.com,0,0.005855,,0
http://rastreamentobr-correios.github.io,1,0.996717,,0
http://giveawayforyoumillionsdollarseuro.000webhostapp.com,1,0.999435,,0
https://www.bancopan.com.br,0,0.012906,,0
https://nintendo.com,0,0.132963,,0
https://opera.com,0,0.001802,,0
https://workers.dev,0,0.953024,,0
http://yqyjsw.horusian.com,1,0.999228,,0
http://abril-salva-minha-fatura-nubank.com,1,0.998905,,0
http://bradesco.chavenovapf.com,1,0.999479,,0
http://bancobrasilbb.com,1,0.996014,,0
https://www.insper.edu.br,0,0.007408,,0
https://mail.ru,0,0.383574,0.213587,1
http://yahoo-108971.weeblysite.com,1,0.999338,,0
https://www.reuters.com,0,0.011486,,0
https://akam.net,0,0.120664,,0
http://y0es7d.marioroofingcompany.com,1,0.999549,,0
https://www.adobe.com,0,0.004168,,0
https://www.tjrj.jus.br,0,0.00753,,0
https://extra.com.br,0,0.006755,,0
https://www.nextel.com.br,0,0.003678,,0
http://dropboxs.site,1,0.998842,,0
https://www.americanas.com.br,0,0.014736,,0
http://americanas-eshop.com,1,0.995675,,0
https://ibm.com,0,0.053853,,0
https://www.ax-msedge.net,0,0.997615,,0
http://icloud.apple-audience.jnrys.cn,1,0.999499,,0
https://oi.com.br,0,0.01846,,0
http://mercadolivrechile.000webhostapp.com,1,0.999574,,0
http://www.calmyz.info,1,0.996438,,0
https://gemini.google.com,0,0.976706,,0
https://www.cloud.google.com,0,0.060368,,0
http://formularios-casasbahia-recrutamento.com,1,0.999388,,0
https://ft.com,0,0.043046,,0
http://steam.communityusersworks.com,1,0.999195,,0
https://dafiti.com.br,0,0.13464,,0
https://chatgpt.com,0,0.993054,,0
http://americanascompreemcasa.com,1,0.999147,,0
https://www.cpanel.net,0,0.005042,,0
http://mercadolivres.info,1,0.999192,,0
http://outlookmsnlivemailer.weebly.com,1,0.998609,,0
http://3wsfjsly.qwo231sdx.club,1,0.999434,,0
https://www.bradesconet.com.br,0,0.003444,,0
https://line.me,0,0.011961,,0
http://shopeeshub.shop,1,0.999579,,0
https://pagseguro.com.br,0,0.077561,,0
http://chat-whatsapp-com-yuptlggjmz30gdjptphku3.duckdns.org,1,0.999505,,0
https://twitch.tv,0,0.027495,,0
http://help-center423.crabdance.com,1,0.999541,,0
https://www.netflix.com,0,0.001302,,0
http://0425cfe7-b451-462c-862a-a275426c8365.usrfiles.com,1,0.998005,,0
http://hntqsooprbfbuifz-dot-tubors.uk.r.appspot.com,1,0.999139,,0
http://appleid.apple.com-mnge-safecurlsite.com.authuhjatyinaxetgr.com,1,0.999625,,0
http://spf91r-verifyallerts1532.duckdns.org,1,0.999589,,0
https://tjrj.jus.br,0,0.050133,,0
https://www.fastly.net,0,0.003762,,0
http://americanas-loja26.com,1,0.999294,,0
https://usp.br,0,0.034091,,0
https://www.ans.gov.br,0,0.001859,,0
https://www.terabyteshop.com.br,0,0.012675,,0
http://app-nubanksptbr-2021br.jcloud.kz,1,0.999625,,0
http://facebookcenfriends.blogspot.com,1,0.998681,,0
https://www.root-servers.net,0,0.041899,,0
http://descontosnoappmagalu.com,1,0.999109,,0
http://egapriyanka.github.io,1,0.515799,0.574819,1
https://www.outlook.com,0,0.002049,,0
https://shoptime.com.br,0,0.484393,0.187371,1
https://zoho.com,0,0.311053,0.106522,1
https://www.inter.co,0,0.007624,,0
http://fidelityworkplacecy.one,1,0.999234,,0
http://pochtarefund-xeq166.aaknp.xyz,1,0.999622,,0
https://quintoandar.com.br,0,0.275661,0.527844,1
https://sicoob.com.br,0,0.108481,,0
http://telegpre.club,1,0.99944,,0
http://appnubank.sslblindado.com,1,0.999534,,0
https://www.github.com,0,0.012012,,0
https://terra.com.br,0,0.014252,,0
https://www.amazon.com.br,0,0.003395,,0
http://authug11-berber11.computersgerer.org,1,0.999628,,0
https://www.oracle.com,0,0.004853,,0
https://amazon.com,0,0.011032,,0
https://www.apple.com,0,0.008108,,0
http://santander.barc-auth.com,1,0.999506,,0
http://office365-8cc2a.web.app,1,0.999497,,0
https://www.fleury.com.br,0,0.033713,,0
http://rbcusecury.run.place,1,0.99957,,0
http://applnch-604454523.sangekasra.ir,1,0.999576,,0
https://www.spcbrasil.org.br,0,0.005015,,0
http://momoni.net,1,0.47062,0.536165,1
https://www.banrisul.com.br,0,0.024733,,0
https://www.hub.docker.com,0,0.002529,,0
https://original.com.br,0,0.070139,,0
https://www.esic.gov.br,0,0.001494,,0
http://att-107248.weeblysite.com,1,0.999256,,0
http://ebay.com.update-sign.store,1,0.999381,,0
https://www.dafiti.com.br,0,0.01366,,0
https://santander-verificacao-conta.ga/dados,1,0.999615,,0
https://launchpad.net,0,0.011842,,0
https://time.com,0,0.006388,,0
https://pv-cdn.net,0,0.050126,,0
http://gov-uk.winterugcmiv.top,1,0.999681,,0
http://wswhatsapp.net,1,0.997339,,0
https://whatsapp.net,0,0.019836,,0
http://icloud.com-cert.info,1,0.999229,,0
https://www.daycoval.com.br,0,0.015131,,0
https://www.heroku.com,0,0.004091,,0
https://www.inss.gov.br,0,0.004487,,0
http://onlinepdfshared.s3.ap-south-1.amazonaws.com,1,0.986925,,0
https://www.webex.com,0,0.00341,,0
https://decolar.com,0,0.655912,0.019239,1
https://www.bradesco.com.br,0,0.003698,,0
http://ssso--ndax-io-auths.webflow.io,1,0.999252,,0
http://chatwaaz.duckdns.org,1,0.999131,,0
http://camaradearaua.se.gov.br,0,0.126061,,0
http://cs18468.tmweb.ru,1,0.998888,,0
http://rhvdx.blogspot.lu,1,0.861089,,0
https://zapimoveis.com.br,0,0.287517,0.325412,1
http://www.spotifymusicdos.com,1,0.57379,0.49041,1
http://japapjapa.s3.amazonaws.com,1,0.99721,,0
http://ll2sitg.5q5e5o.cn,1,0.999605,,0
https://www.folha.uol.com.br,0,0.005071,,0
https://www.firebase.google.com,0,0.989465,,0
http://santander-device-removal.com,1,0.969581,,0
https://valor.globo.com,0,0.936701,,0
https://www.hapvida.com.br,0,0.010551,,0
https://www.msn.com,0,0.009299,,0
https://serpro.gov.br,0,0.02848,,0
https://nic.ru,0,0.024062,,0
https://www.cnpq.gov.br,0,0.001964,,0
http://withimagesdhl.web.app,1,0.999506,,0
https://www.ufrgs.br,0,0.008115,,0
https://wpa.qq.com,0,0.931709,,0
https://akamaiedge.net,0,0.996406,,0
https://www.wa.me,0,0.035171,,0
http://itau-internet-banking.xyz/secure,1,0.999652,,0
http://dev-plataformasegura-homeitau.pantheonsite.io,1,0.999455,,0
https://expireddomains.com,0,0.351486,0.6222,1
http://outl00k.netlify.app,1,0.999192,,0
https://pinterest.com,0,0.017603,,0
http://metamask-io-kyc.ddnss.eu,1,0.999564,,0
https://nubank-confirmar-identidade.cf/auth,1,0.999615,,0
https://www.uem.br,0,0.003312,,0
http://netflixgpt-bfad8.web.app,1,0.999449,,0
http://netflix-updatebilling.com,1,0.99949,,0
http://instagramfoodscompetition.netlify.app,1,0.999156,,0
http://re-facebookcom-55426781.elfahdeg.com,1,0.999612,,0
http://www.icloud.sign-map.com,1,0.998769,,0
http://solicitud-de-prestamo-bb-ua-365.replit.app,1,0.999529,,0
http://groupwhatsappjoinxxnx.yihotz.tk,1,0.999386,,0
http://m.barcshare.com,1,0.993745,,0
http://mail.chat-whatsapp8jhvztulp7ajofk9jua3jfi3snv.duckdns.org,1,0.999546,,0
https://www.decolar.com,0,0.003553,,0
http://millegraziepizzeria.com,1,0.607708,0.120365,1
https://www.chatgpt.com,0,0.914271,,0
https://ibge.gov.br,0,0.007496,,0
http://girispanelebasvuru.com,1,0.999492,,0
http://new-suports.com.tr,1,0.998063,,0
http://santander.app-parametros.com,1,0.999192,,0
http://web9226.cweb02.gamingweb.de,1,0.999353,,0
http://att-106384-100733.weeblysite.com,1,0.999331,,0
https://www.list-manage.com,0,0.012252,,0
https://g1.globo.com,0,0.472571,0.227883,1
https://folha.uol.com.br,0,0.018401,,0
https://archive.org,0,0.01853,,0
http://materialxsuit21.com,1,0.999098,,0
https://www.addtoany.com,0,0.00894,,0
http://m.ncg7523.com,1,0.999626,,0
http://appnubank.jdevcloud.com,1,0.998486,,0
http://e6-citi.com,1,0.99799,,0
https://intuit.com,0,0.003875,,0
http://twitterfhyuipnskreachhealth.longhornmeatmarkets.com,1,0.999613,,0
https://www.issuu.com,0,0.038194,,0
https://stanford.edu,0,0.02036,,0
http://webmailnetinsupdate.weebly.com,1,0.999313,,0
https://apache.org,0,0.309022,0.06364,1
http://suportenubankavalia.netlify.app,1,0.999415,,0
https://www.wired.com,0,0.004831,,0
https://steampowered.com,0,0.666655,0.349685,1
https://www.unesp.br,0,0.00444,,0
https://maps.google.com,0,0.609129,0.310149,1
http://www--wellsfargo--com--7k49329d48d6c.wsipv6.com,1,0.99918,,0
https://www.camara.leg.br,0,0.009954,,0
https://www.tim.com.br,0,0.004456,,0
http://hoho.renm4maxys.com,1,0.999602,,0
https://www.nominetdns.uk,0,0.438642,0.342803,1
https://www.europa.eu,0,0.031564,,0
http://caixa-gov-br.com/atualizar-cadastro,1,0.998861,,0
https://www.bing.com,0,0.004718,,0
http://joingrupmabarfreefirenotipu.000webhostapp.com,1,0.999598,,0
https://mp.weixin.qq.com,0,0.999397,,0
http://mercadolivre.so,1,0.997328,,0
https://www.einstein.br,0,0.00408,,0
http://bankofamerica2023.colpatriainf22.repl.co,1,0.9996,,0
http://gopalwagh.github.io,1,0.979843,,0
https://app-measurement.com,0,0.988687,,0
https://ufrj.br,0,0.01771,,0
https://linkedin.com,0,0.961459,,0
http://dbhmall.shop,1,0.999416,,0
http://www.google.gg,1,0.093137,,0
http://icloud.secure-finds.co,1,0.999398,,0
https://www.ufsc.br,0,0.003858,,0
https://www.registrar-servers.com,0,0.030677,,0
http://amazonbby.shop,1,0.999305,,0
https://www.caixa.gov.br,0,0.001656,,0
https://claro.com.br,0,0.006308,,0
http://instagramcanliyayininstagram.xyz,1,0.999422,,0
http://pentragram201xx.000webhostapp.com,1,0.999576,,0
http://posts-8060659437.smarttechno.hr,1,0.999256,,0
http://spotify-alert.vercel.app,1,0.997946,,0
https://wac-msedge.net,0,0.999479,,0
https://www.senado.leg.br,0,0.006322,,0
https://www.msedge.net,0,0.034767,,0
http://jomsfit.myportfolio.com,1,0.999366,,0
https://www.gov.uk,0,0.004185,,0
https://businessinsider.com,0,0.087035,,0
https://www.a2z.com,0,0.003917,,0
http://watiro8137.ihostfull.com,1,0.999332,,0
http://chasealerts.ddns.net,1,0.998818,,0
http://paypalsignin54.blogspot.com.cy,1,0.999401,,0
http://project-delta-brown.vercel.app,1,0.998991,,0
http://apple-care-support.com,1,0.999132,,0
https://f5.com,0,0.070825,,0
https://www.anatel.gov.br,0,0.004454,,0
https://www.c6bank.com.br,0,0.02768,,0
http://community.ebay.t3.member.to.member.support.ebay.980.42web.io,1,0.999551,,0
http://caixa.gov.informativo.cx,1,0.998263,,0
http://spotifybyrushal.freewebhostmost.com,1,0.996529,,0
http://www.ecobank-hg.top,1,0.999469,,0
https://googletagmanager.com,0,0.067664,,0
https://www.amil.com.br,0,0.014627,,0
https://npmjs.com,0,0.049261,,0
http://mysantander.eu,1,0.992132,,0
https://www.correios.com.br,0,0.002542,,0
https://inss.gov.br,0,0.014305,,0
http://patahaity.pages.dev,1,0.999472,,0
https://roblox.com,0,0.003418,,0
https://adobe.io,0,0.085465,,0
http://linkedin-profile-security.com/update,1,0.999572,,0
https://outlook.com,0,0.003475,,0
https://wordpress.com,0,0.006999,,0
http://rsjxzl.com,1,0.997326,,0
http://tacsecu.archfed.org,1,0.207584,0.573645,1
http://netflixmonthfree.blogspot.dk,1,0.998628,,0
http://bimcelllodemllbb.com,1,0.99948,,0
http://login.bradesco.com.secure-update.xyz/verify,1,0.999614,,0
http://netflix-clone-roan-theta.vercel.app,1,0.999195,,0
http://agyhqsgaxb.duckdns.org,1,0.999605,,0
https://www.nubank.com.br,0,0.008696,,0
https://www.dpf.gov.br,0,0.001586,,0
http://dropbox-debug.com,1,0.998584,,0
https://www.paypal.com,0,0.648679,0.097642,1
https://pichau.com.br,0,0.047822,,0
http://mailupdate-accountserv2561.terbiari.com,1,0.999647,,0
https://www.pontofrio.com.br,0,0.009982,,0
https://www.protonmail.com,0,0.102359,,0
https://www.mercadolivre.com.br,0,0.010671,,0
http://bankofamerica-info.com,1,0.998259,,0
https://caixa-atualizacao-obrigatoria.ml/form,1,0.999481,,0
http://adaptable-mango-xzff8f.mystrikingly.com,1,0.997996,,0
http://googlezh.ymjiexi999.workers.dev,1,0.999554,,0
https://www.forbes.com,0,0.019709,,0
http://netflix-gt.com,1,0.998824,,0
http://9qsotkfeld.2745.chesham-bridleways.org.uk,1,0.999331,,0
http://apedkhngqp.duckdns.org,1,0.999555,,0
https://trbcdn.net,0,0.976196,,0
https://office.com,0,0.055251,,0
https://www.httpd.apache.org,0,0.013475,,0
http://twittermssv.nylaproductions.com,1,0.993297,,0
http://www.mercadolivremart.com,1,0.941297,,0
http://mobile-sms-itaucard.onlinewebshop.net,1,0.999328,,0
https://www.buscacep.correios.com.br,0,0.111157,,0
http://americanasofertasimperdiveis.com,1,0.999291,,0
https://cdn77.org,0,0.864645,,0
http://formulario-casasbahias-recrutamentos.com,1,0.999375,,0
https://dropbox.com,0,0.887987,,0
https://www.docker.com,0,0.001781,,0
http://dev.barb-art.fr,1,0.980334,,0
http://bb.com.br.secure-banking.ml/atualizar,1,0.998623,,0
https://www.usp.br,0,0.005637,,0
http://paypalchongzhi88.com,1,0.999477,,0
http://www.google.co.kr,1,0.005407,,0
https://akamai.net,0,0.860143,,0
https://www.inep.gov.br,0,0.001843,,0
http://page.biositelive.in,1,0.998822,,0
http://www.194-59-31-92.cprapid.com,1,0.999514,,0
https://www.domaincontrol.com,0,0.006593,,0
https://www.docs.google.com,0,0.035435,,0
http://connectmultichainairdropprotocole.pages.dev,1,0.999481,,0
http://ramadaplazatekstilkent.com,1,0.997891,,0
http://sertifika.elektroniksorgulama.com,1,0.994718,,0
http://login-3citizen.firebaseapp.com,1,0.999395,,0
https://unsplash.com,0,0.002892,,0
https://stackoverflow.com,0,0.29782,0.120682,1
http://microsoffilesecurebthomemicrosftsogindropboxupdate.weebly.com,1,0.999535,,0
https://www.who.int,0,0.005588,,0
https://susep.gov.br,0,0.004417,,0
https://www.ufpel.edu.br,0,0.005824,,0
https://www.beian.gov.cn,0,0.019891,,0
http://twittereiyb.nylaproductions.com,1,0.999244,,0
http://ezdirectinvestments.com,1,0.987715,,0
http://twitterlaredopetro.foilleague.j4gdesign.co.uk,1,0.999543,,0
https://www.unicamp.br,0,0.012127,,0
http://prepaid.bankofamericass.masjidannajah.com,1,0.999489,,0
https://www.cnnbrasil.com.br,0,0.007297,,0
https://ggpht.com,0,0.28385,0.091528,1
https://www.pinterest.com,0,0.010352,,0
http://titechtennisrenmei-wixsite-com.usrfiles.com,1,0.999168,,0
http://centroimnitauepersonas9900.0123656989.repl.co,1,0.999557,,0
https://aol.com,0,0.043949,,0
https://www.doubleclick.net,0,0.010689,,0
http://wsnibb.com,1,0.99828,,0
https://tiktokv.com,0,0.994223,,0
http://bradesco.lajas.online,1,0.999496,,0
https://inep.gov.br,0,0.003998,,0
http://pub-0885644111934ac09acb1723c5cefe26.r2.dev,1,0.999468,,0
https://c6bank.com.br,0,0.340504,0.069114,1
https://aaplimg.com,0,0.995401,,0
https://icloud.com,0,0.094561,,0
https://www.apps.apple.com,0,0.029142,,0
http://sign-verification.31700x.cn,1,0.9996,,0
http://aviewdocumentslinkedinreview.el.r.appspot.com,1,0.999131,,0
https://www.extra.com.br,0,0.004969,,0
http://www.netfl1x-account.com/billing/update,1,0.999442,,0
http://ebay.de.vkzrzlaeo0zwrdd.e8273.pro,1,0.999539,,0
http://cititzens09secuacccount.tk,1,0.999603,,0
http://icloud-flnd.com,1,0.999477,,0
https://www.iti.itau,0,0.277471,0.01362,1
https://stone.com.br,0,0.038345,,0
https://example.com,0,0.039852,,0
http://tyughejsdf76t87y9s8udfyguhjk-16t-swfhgdm.vercel.app,1,0.999388,,0
https://www.office.net,0,0.008438,,0
https://santander.com.br,0,0.049447,,0
https://bing.com,0,0.588374,0.019861,1
http://outlook-821343.webflow.io,1,0.997781,,0
http://www5.sndc-crad-nem-inedx.s0c7b6.cn,1,0.999623,,0
https://mailinabox.email,0,0.999177,,0
http://americanas-emcasa.com,1,0.999238,,0
https://www.soundcloud.com,0,0.000941,,0
https://www.amazon.com,0,0.003526,,0
http://u1849331.cp.regruhosting.ru,1,0.999335,,0
https://www.fgv.br,0,0.003173,,0
https://mit.edu,0,0.036206,,0
https://www.sciencedirect.com,0,0.003634,,0
https://www.intuit.com,0,0.002239,,0
https://www.validator.w3.org,0,0.75415,0.216529,1
http://americanasofertadiarias.com,1,0.996752,,0
https://www.cloudflare.net,0,0.008309,,0
https://twitter.com,0,0.009458,,0
http://remove-restriction.github.io,1,0.974268,,0
http://fosterdesignbuild-1316850103.cos.sa-saopaulo.myqcloud.com,1,0.999364,,0
http://linkedin-account-messages.duckdns.org,1,0.9994,,0
https://www.one.one,0,0.046621,,0
http://caixa.correcao.gq,1,0.999613,,0
https://validator.w3.org,0,0.985604,,0
http://fbffq.blogspot.bg,1,0.851016,,0
http://mydocumentary.com,1,0.006617,,0
http://linkedinxagisn.ga,1,0.999297,,0
https://www.telekom.de,0,0.011339,,0
https://googlesyndication.com,0,0.142573,,0
https://www.gmail.com,0,0.007454,,0
https://www.youtube-nocookie.com,0,0.61451,0.104521,1
https://www.mailinabox.email,0,0.995113,,0
https://bradesco.com.br,0,0.220749,0.123801,1
https://medium.com,0,0.025149,,0
http://www.outlook.securevalidar.com,1,0.999074,,0
https://addtoany.com,0,0.98151,,0
http://instagrammlp.blogspot.com,1,0.99819,,0
http://spotify-a.vip,1,0.999269,,0
https://www.poupatempo.sp.gov.br,0,0.005956,,0
http://dropbox.notif-system.com,1,0.999168,,0
http://americanas-i.redirectme.net,1,0.999233,,0
http://18feb38d-9304-49ed-8a45-4b919bb3ed9f-netflix-clone-simple.pages.dev,1,0.999459,,0
https://www.play.google.com,0,0.010512,,0
http://chase-103084.square.site,1,0.999529,,0
http://appleid-ar.mimain-website.live,1,0.999484,,0
http://www.pittur.pitimbu.pb.gov.br,0,0.070987,,0
https://sbt.com.br,0,0.017771,,0
https://uel.br,0,0.022815,,0
https://www.ntp.org,0,0.00849,,0
http://formularios-recrutamento-casasbahia.com,1,0.998671,,0
https://www.ufpr.br,0,0.012045,,0
https://unity3d.com,0,0.007396,,0
https://www.api.whatsapp.com,0,0.984104,,0
https://www.itauunibanco.com.br,0,0.061053,,0
http://instagram-verify-badge.com/confirm,1,0.999486,,0
http://instagram-clone-git-master-tludlow.vercel.app,1,0.999269,,0
https://www.calendly.com,0,0.00228,,0
https://app-analytics-services.com,0,0.997378,,0
https://beian.miit.gov.cn,0,0.693822,0.394773,1
http://www--wellsfargo--com--ky49329d48d6c.wsipv6.com,1,0.999119,,0
https://www.npmjs.com,0,0.007173,,0
https://yandex.com,0,0.053238,,0
http://qscyykjffoxffyxq-dot-millinium.ey.r.appspot.com,1,0.998385,,0
http://hsrderyhdrdrdrdrdrdryzfh.s3.eu-north-1.amazonaws.com,1,0.999521,,0
http://itausuper.000webhostapp.com,1,0.999516,,0
https://www.uol.com.br,0,0.002706,,0
https://fiap.com.br,0,0.125384,,0
http://192.168.1.100/login/bancodobrasil,1,0.999571,,0
https://www.akam.net,0,0.010721,,0
http://walletcon2023.github.io,1,0.99626,,0
http://degndegninebaydewsebayisapidllsigninusingrslwuseridwoabtnecgi.aba.cx,1,0.999627,,0
http://allegrolokalnie.pl-nv345434.icu,1,0.999573,,0
https://nasa.gov,0,0.007867,,0
https://www.nflxso.net,0,0.997318,,0
http://s7l.70e.myftpupload.com,1,0.969331,,0
http://americanas.black-friday-novembro-a.cf,1,0.999503,,0
http://aovnktwitter7245.harleydavidsonautoshop.com,1,0.999391,,0
https://hicloudcam.com,0,0.997492,,0
http://nubank-avaliar.netlify.app,1,0.999432,,0
https://youtube.com,0,0.005429,,0
http://office365quarantine.com,1,0.998336,,0
http://appleid-531357.apple2.report,1,0.999509,,0
https://uber.com,0,0.033502,,0
https://www.mp.weixin.qq.com,0,0.999035,,0
https://youtube-nocookie.com,0,0.963243,,0
https://itau.com,0,0.992508,,0
http://linkedin.com.prgamers.ml,1,0.999632,,0
https://guri.unipampa.edu.br,0,0.271853,0.321517,1
https://www.blizzard.com,0,0.002375,,0
https://tse.jus.br,0,0.010018,,0
http://dropbox.akbnonlin.com,1,0.999431,,0
https://www.macromedia.com,0,0.007124,,0
https://www.cloudflare-dns.com,0,0.972369,,0
http://www--wellsfargo--com--1949329d48d6c.wsipv6.com,1,0.999025,,0
https://www.aliyuncs.com,0,0.602948,0.032306,1
https://www.pypi.org,0,0.013142,,0
http://citibusa.com,1,0.944963,,0
http://santander.com.br.verify-account.ga/login,1,0.999576,,0
https://amazon.com.br,0,0.011642,,0
http://gov.britishwintercash.lol,1,0.999564,,0
http://91.134.200.33/paypal-confirm/index.html,1,0.999623,,0
http://whatsapp.meta-com.cc,1,0.999189,,0
https://www.kaggle.com,0,0.013132,,0
http://amqelendez.com,1,0.999051,,0
https://www.adobe.io,0,0.00405,,0
http://linkoffice365ofline.tk,1,0.999352,,0
https://www.conectesus.saude.gov.br,0,0.00654,,0
https://tandfonline.com,0,0.610817,0.140113,1
http://admin-instagram.ru,1,0.998076,,0
https://kaspersky.com,0,0.028827,,0
https://azurefd.net,0,0.991534,,0
http://learn--trezor-learn.webflow.io,1,0.98549,,0
https://capes.gov.br,0,0.023934,,0
https://www.capes.gov.br,0,0.003552,,0
http://magaluzine.online,1,0.999276,,0
http://at-t-home-aee569.webflow.io,1,0.999024,,0
https://shopify.com,0,0.661839,0.269579,1
https://www.dataprev.gov.br,0,0.006772,,0
https://www.claude.ai,0,0.017026,,0
http://microsoft-owa-web-apps.blogspot.be,1,0.998722,,0
http://revalidar-token-seguranca-nubank-app.com/auth,1,0.999598,,0
http://nubank.com.br.update-security.cf/dados,1,0.999483,,0
http://microsoft-101567.weeblysite.com,1,0.999263,,0
http://dev-banco-itau123.pantheonsite.io,1,0.999408,,0
http://www.bankofamerica.ahpropiedades.cl,1,0.995669,,0
https://banrisul.com.br,0,0.205728,0.121626,1
https://myshopify.com,0,0.573246,0.293783,1
https://www.globo.com,0,0.001707,,0
https://sharepoint.com,0,0.001508,,0
https://itauunibanco.com.br,0,0.67735,0.106719,1
https://www.bb.com.br,0,0.002837,,0
http://aayush1542.github.io,1,0.942185,,0
http://spotifyservice.wpenginepowered.com,1,0.99255,,0
http://shopees.international,1,0.932436,,0
http://dropboxbiz.com,1,0.992869,,0
https://cvm.gov.br,0,0.005825,,0
http://ugugfcgfdf.wixstudio.io,1,0.999116,,0
http://simplywhatsapp.com,1,0.993464,,0
http://saccountscenter.ubpages.com,1,0.999371,,0
https://www.unimed.coop.br,0,0.003648,,0
https://www.microsoftonline.com,0,0.010533,,0
http://magalu.web76109.kinghost.net,1,0.999489,,0
http://www.caixadirectaprotecyr.com,1,0.999302,,0
http://dbscampiingssg.com,1,0.999424,,0
http://fb-restriction-case-5ef89.web.app,1,0.999203,,0
https://telekom.de,0,0.103736,,0
https://steamserver.net,0,0.994514,,0
http://merkletree.men,1,0.240495,0.72487,1
http://www--wellsfargo--com--qu49329d48d6c.wsipv6.com,1,0.999154,,0
https://www.mysql.com,0,0.005535,,0
http://myciti-loi71.serv0-cititemp0lin.workers.dev,1,0.999611,,0
https://www.xiaomi.com,0,0.007692,,0
https://vedcdnlb.com,0,0.999008,,0
https://www.tjsp.jus.br,0,0.007834,,0
http://chaseckiso.ugottadothis.com,1,0.99937,,0
http://sucursalvirtualsistemadetranssacciones.replit.app,1,0.999542,,0
https://hub.docker.com,0,0.004226,,0
http://metaa-meesk-logiins.godaddysites.com,1,0.999438,,0
https://bcb.gov.br,0,0.004358,,0
http://appleserviceuygd.blogspot.com.ng,1,0.999514,,0
https://digicert.com,0,0.640905,0.039367,1
https://latamairlines.com,0,0.191628,0.339591,1
https://www.google.com.br,0,0.007199,,0
https://g.page,0,0.182786,0.009727,1
https://telegram.org,0,0.03961,,0
http://chase.com.onetimeverification.ppvoice.website,1,0.999535,,0
http://usfacebook-ucnbwe99.mirzaenterprises.pk,1,0.999607,,0
http://secure-coinbase-t-auth.daftpage.com,1,0.999246,,0
http-whatsapp-chat.join-group413.cf,1,0.999404,,0
https://sourceforge.net,0,0.079445,,0
https://baidu.com,0,0.008636,,0
https://www.weebly.com,0,0.045794,,0
http://caixaonlineparaparticulares.chronopostaws.com,1,0.999485,,0
https://www.gstatic.com,0,0.005657,,0
https://www.bit.ly,0,0.088145,,0
https://www.spo-msedge.net,0,0.998854,,0
http://www--wellsfargo--com--9d49329d48d6c.wsipv6.com,1,0.999059,,0
https://www.googleapis.com,0,0.009711,,0
https://webex.com,0,0.006066,,0
https://www.ui.com,0,0.004915,,0
https://springer.com,0,0.33048,0.085064,1
https://www.epicgames.com,0,0.017025,,0
http://betadiscord-news.uk,1,0.998757,,0
https://secure-login-bradesco.tk/app/verify,1,0.999572,,0
http://ecom.cesarsp.xyz,1,0.999569,,0
https://www.w3.org,0,0.006485,,0
http://cancel16058856-binance-com.web.app,1,0.999198,,0
https://www.msftconnecttest.com,0,0.957363,,0
http://hrmfv.blogspot.is,1,0.673897,0.305903,1
https://www.medium.com,0,0.005292,,0
https://windows.com,0,0.026174,,0
http://167.71.115.61,1,0.999443,,0
https://www.amazonaws.com,0,0.165778,0.171453,1
http://mail-seo.com,1,0.591836,0.812317,1
https://m.facebook.com,0,0.899385,,0
http://magaluluizan.com,1,0.992195,,0
https://www.record.com.br,0,0.002641,,0
http://onmicrosoft-security.dns.army,1,0.998707,,0
https://www.t.me,0,0.004963,,0
http://paypal-lock-consume.com,1,0.999293,,0
http://wordpress-908172-3152680.cloudwaysapps.com,1,0.996055,,0
https://rubiconproject.com,0,0.042811,,0
http://twitter5881.harleydavidsonautoshop.com,1,0.994197,,0
http://secured-dropbox-22b267057385-0a2cd3ae-b0d4-4a11-b161.on.fleek.co,1,0.999356,,0
https://www.eventbrite.com,0,0.008049,,0
https://www.discord.gg,0,0.391617,0.069335,1
https://www.vedcdnlb.com,0,0.996904,,0
http://www--wellsfargo--com--vw49329d48d6c.wsipv6.com,1,0.999215,,0
https://safra.com.br,0,0.108169,,0
https://www.brb.com.br,0,0.003159,,0
http://www.o365.office365mails.ml,1,0.999582,,0
http://blog.cicil.co.id,1,0.979695,,0
http://office365live2.officelive12.workers.dev,1,0.999574,,0
https://www.correios.com.br,0,0.002542,,0
http://caixabanking.duckdns.org,1,0.999529,,0
https://www.loc.gov,0,0.00339,,0
http://paypal.updatedb1lling.com,1,0.999601,,0
http://acceso-caixa.online,1,0.998591,,0
http://netflixb00027029.blogspot.de,1,0.999116,,0
http://pub-94c95270bffa40c091da2bafd2f10672.r2.dev,1,0.99943,,0
http://receitas-de-bolo.com,1,0.997619,,0
http://www.facebook-login.daedalushowell.com,1,0.999475,,0
https://www.wac-msedge.net,0,0.998702,,0
https://ufpr.br,0,0.038668,,0
http://bafybeielzpzxqgmu47dtgvlnjswsmrrofojdr2bzww3jcp6r2ehzninhlq.ipfs.dweb.link,1,0.999484,,0
https://xbox.com,0,0.21957,0.005882,1
http://outlook-102179.weeblysite.com,1,0.9992,,0
http://report-appealeation-case-329045982i9o3.vercel.app,1,0.999336,,0
http://caixa-economica-federal.top/atualizar,1,0.999658,,0
https://puc-rio.br,0,0.113519,,0
http://ebay-goods.906657777.xyz,1,0.999588,,0
http://scotiaperuu.iceiy.com,1,0.999535,,0
https://gov.br,0,0.020703,,0
http://dicsordegift.ru,1,0.999504,,0
http://g1.rooool.com,1,0.998408,,0
https://commons.wikimedia.org,0,0.014792,,0
http://brejogrande.se.gov.br,0,0.054346,,0
http://wellsfargo-1.duckdns.org,1,0.999515,,0
https://slideshare.net,0,0.016751,,0
https://www.olx.com.br,0,0.002021,,0
https://www.wordpress.org,0,0.007898,,0
http://atualizacao-cadastro-obrigatoria-bb.net/verify,1,0.999501,,0
http://attorneyquest.com,1,0.150803,0.411363,1
http://wwwamazonm.x3322.net,1,0.999507,,0
http://dropbox-online.com,1,0.532185,0.499472,1
http://itau.com.br.account-verify.tk/login,1,0.999475,,0
https://www.digitalocean.com,0,0.002676,,0
http://outlookmail2021service.weebly.com,1,0.998937,,0
https://mercadopago.com.br,0,0.224973,0.114389,1
https://cloud.google.com,0,0.464197,0.321746,1
http://alert-netflix-payment.com/update-billing,1,0.999495,,0
http://caixaparticular.com,1,0.996157,,0
https://www.sicredi.com.br,0,0.008563,,0
https://www.linkedin.com,0,0.669378,0.086843,1
https://wixsite.com,0,0.982861,,0
http://paypal-redeem.vercel.app,1,0.999088,,0
http://blockchnilogui.godaddysites.com,1,0.999309,,0
http://metamask.io.binden.in,1,0.999231,,0
https://ietf.org,0,0.04105,,0
https://www.cloud.microsoft,0,0.977874,,0
https://www.keenetic.io,0,0.014247,,0
http://www.goun-etc-jp.popind.azzkmcx.cn,1,0.999585,,0
http://v4f7gy.webwave.dev,1,0.999317,,0
https://duckduckgo.com,0,0.411726,0.14261,1
https://www.twitter.com,0,0.000972,,0
http://dev-banco-fassil4.pantheonsite.io,1,0.999371,,0
https://www.ufce.br,0,0.003126,,0
http://caixadirectapt-aceder.com,1,0.999618,,0
https://www.comprasnet.gov.br,0,0.003149,,0
https://estadao.com.br,0,0.00168,,0
http://thespotifypremiumapk.app,1,0.999421,,0
https://www.steamserver.net,0,0.114777,,0
https://playstation.com,0,0.00588,,0
http://appnubankcomunytii.duckdns.org,1,0.999599,,0
http://jxywvpedjzujebmo-dot-millinium.ey.r.appspot.com,1,0.9984,,0
http://itaubeneficios-chile.com,1,0.99938,,0
http://bankofamerica.com.johnsonfurnituresystems.com,1,0.998119,,0
https://ge.globo.com,0,0.235413,0.185707,1
http://lojamagaluliquidacao.com,1,0.99913,,0
https://discord.com,0,0.00179,,0
http://matthevwjamesdesig.wixsite.com,1,0.999403,,0
https://googleadservices.com,0,0.136268,,0
https://msn.com,0,0.199228,0.02937,1
https://www.puc-rio.br,0,0.013907,,0
https://dailymail.co.uk,0,0.054292,,0
https://www.myfritz.net,0,0.057506,,0
https://meuinss.gov.br,0,0.149172,,0
https://casasbahia.com.br,0,0.084106,,0
https://www.bancointer.com.br,0,0.009404,,0
https://samsung.com,0,0.019834,,0
https://www.ft.com,0,0.005508,,0
http://jcnckr.com,1,0.997068,,0
http://whatsappgroupinvittejoinowwgrupi.duckdns.org,1,0.999438,,0
http://8.ipro289.com,1,0.999212,,0
http://pub-3e59e6a70318440583ed96e64eb7f303.r2.dev,1,0.999523,,0
https://www.google.com,0,0.030159,,0
https://buscacep.correios.com.br,0,0.685658,0.276155,1
http://cmsjm.rj.gov.br,0,0.022691,,0
https://www.aboutads.info,0,0.073943,,0
https://nginx.com,0,0.101549,,0
http://center-forms.com,1,0.934008,,0
https://tiktokcdn-us.com,0,0.999113,,0
http://www.nubank.protecaodobrasil.com,1,0.997753,,0
https://www.spov-msedge.net,0,0.99887,,0
https://www.gvt2.com,0,0.087955,,0
https://www.googleblog.com,0,0.003582,,0
https://www.baidu.com,0,0.001692,,0
https://www.claro.com.br,0,0.002468,,0
http://www-bradesco39.n12aspirenetpro.com,1,0.999471,,0
https://www.miit.gov.cn,0,0.011569,,0
https://www.t-msedge.net,0,0.993731,,0
http://usps.mytrackingqj.top,1,0.999666,,0
https://ui.com,0,0.161595,0.003766,1
https://anac.gov.br,0,0.003975,,0
https://www.r7.com,0,0.045503,,0
https://www.amazonvideo.com,0,0.051987,,0
http://mercadolivre.tech,1,0.999136,,0
http://magalus.ycmeiya.com,1,0.999352,,0
http://tercacomvxmagalu.com,1,0.999507,,0
http://fbposts-university-secret-files-usf-20415003.000webhostapp.com,1,0.999537,,0
https://yahoo.com,0,0.558084,0.015112,1
https://www.beian.miit.gov.cn,0,0.06817,,0
http://daw3.neocities.org,1,0.026397,,0
https://www.nintendo.com,0,0.007367,,0
https://www.cnbc.com,0,0.00538,,0
http://netadvertisingsolutions.com,1,0.822994,0.610337,1
https://e2ro.com,0,0.093544,,0
http://google-gcp.brandaddition-uat.com,1,0.999374,,0
http://harmfulfinance.com,1,0.474409,0.661072,1
https://myfritz.net,0,0.533455,0.03273,1
https://receita.fazenda.gov.br,0,0.009379,,0
https://www.terra.com.br,0,0.002731,,0
http://00e9e64bacce231bc2e4635333a7a68bbab82bbabbb7941b9b-apidata.googleusercontent.com,1,0.999023,,0
http://aasfadjfwrj.duckdns.org,1,0.999588,,0
http://entcu-secure.vercel.app,1,0.999273,,0
https://www.decolar.com,0,0.003553,,0
http://cjdutyjieaf.jinmaozhu.com,1,0.999627,,0
http://vempraomagalu.shop,1,0.999588,,0
http://business-linkedin-inquiry.web.app,1,0.999483,,0
http://itaucardsrsz.000webhostapp.com,1,0.999651,,0
https://www.oup.com,0,0.004288,,0
https://www.dev.to,0,0.00924,,0
https://www.t.co,0,0.007337,,0
http://compras-magalu-2020.com,1,0.998751,,0
https://sentry.io,0,0.318454,0.017042,1
https://www.maps.google.com,0,0.02353,,0
http://www--wellsfargo--com--8g49329d48d6c.wsipv6.com,1,0.999183,,0
https://www.twitch.tv,0,0.002543,,0
https://www.myshopify.com,0,0.006991,,0
http://linkedini.weebly.com,1,0.996442,,0
http://comptroller.texas-gp.cc,1,0.999163,,0
https://researchgate.net,0,0.046457,,0
https://reuters.com,0,0.223234,0.046186,1
https://www.whatsapp.com,0,0.029561,,0
https://www.yandex.ru,0,0.013384,,0
http://educacao.barretos.sp.gov.br,0,0.014641,,0
https://keenetic.io,0,0.139528,,0
http://oxv.zbnj191.vip,1,0.999531,,0
https://www.msftncsi.com,0,0.996538,,0
https://itau.com.br,0,0.046977,,0
https://www.smiles.com.br,0,0.013706,,0
http://app.nubank-login.com,1,0.999257,,0
https://x.com,0,0.149805,,0
https://appsflyersdk.com,0,0.998785,,0
https://ttdns2.com,0,0.998006,,0
https://msftncsi.com,0,0.999378,,0
http://bradescoempresa.digital,1,0.996158,,0
http://onedrive.office365.com-owa.realm-x8uti3utot.behingostaran.com,1,0.999669,,0
https://apple-dns.net,0,0.998732,,0
http://www.g00gle-login.com/accounts/verify,1,0.99943,,0
https://usatoday.com,0,0.009621,,0
http://login-onedrive-office365.web.app,1,0.999427,,0
https://www.sourceforge.net,0,0.010038,,0
http://yiutdw.net,1,0.998966,,0
http://wta.aatecser.com,1,0.999607,,0
http://9845.member.loginto.me,1,0.999599,,0
http://project2b-aaa89.firebaseapp.com,1,0.99937,,0
http://official-global.wixstudio.com,1,0.981138,,0
https://www.gandi.net,0,0.294773,0.012368,1
http://instagramfreeunlimited.blogspot.al,1,0.997268,,0
http://chat-whatsapp8766.xxxxx.icu,1,0.99959,,0
https://www.vkuserphoto.ru,0,0.644918,0.072389,1
http://facebook-64781570.workpoint.pe,1,0.999561,,0
https://www.akadns.net,0,0.466636,0.107318,1
http://paypal.aftech-sarl.com,1,0.999262,,0
http://amazon-login-order-japan-check.fineooeenns.xyz,1,0.999502,,0
http://magaluiza.shop,1,0.999387,,0
https://www.applovin.com,0,0.025791,,0
http://mikeandjanebibb.com,1,0.486875,0.562708,1
https://www.app-analytics-services.com,0,0.358237,0.238194,1
http://cu10226.tw1.ru,1,0.999492,,0
http://web-dana-pay.biu1x.cfd,1,0.999567,,0
https://policies.google.com,0,0.921924,,0
https://www.appsflyersdk.com,0,0.919382,,0
https://www.gnu.org,0,0.012457,,0
https://www.gol.com.br,0,0.001552,,0
https://www.kabum.com.br,0,0.007177,,0
https://office.net,0,0.941432,,0
http://suporte-mercadolivre.com/verificar-conta,1,0.999356,,0
https://youtu.be,0,0.138745,,0
https://amzn.to,0,0.864596,,0
http://ciaaicxxa.cfolks.pl,1,0.999601,,0
https://www.amazon.dev,0,0.353662,0.020935,1
https://www.albertsabin.com.br,0,0.016685,,0
http://178.128.238.27,1,0.99959,,0
https://www.workers.dev,0,0.003875,,0
https://player.vimeo.com,0,0.0092,,0
http://pub-78fc42234a044decad83576ed4178177.r2.dev,1,0.999481,,0
http://event-freefire-cobra.duckdns.org,1,0.999373,,0
https://applovin.com,0,0.901973,,0
https://amazon-adsystem.com,0,0.089722,,0
https://www.zapimoveis.com.br,0,0.020054,,0
https://www.un.org,0,0.004837,,0
http://www.soporte.de-apple-encontrar-mx.help,1,0.999228,,0
https://google.com,0,0.16349,0.032808,1
http://accounts.agoogle.ir,1,0.996553,,0
http://discordrpp.com,1,0.987155,,0
https://msftconnecttest.com,0,0.996544,,0
https://www.steampowered.com,0,0.026859,,0
http://goofy-easley-8eb77a.netlify.app,1,0.999284,,0
https://imdb.com,0,0.01484,,0
http://netflixgpt-123abc.firebaseapp.com,1,0.999408,,0
https://bbc.com,0,0.045276,,0
http://mercadolivre.club,1,0.999634,,0
http://myee-updatebilling.co.uk,1,0.999589,,0
https://caixaeconomica.com.br,0,0.213489,0.250677,1
http://caixadirecta-excluir.com,1,0.999361,,0
https://www.godaddy.com,0,0.003042,,0
https://theguardian.com,0,0.076606,,0
http://twitterldfa.nylaproductions.com,1,0.998123,,0
http://broadbandee.plutio.com,1,0.999339,,0
https://wp.com,0,0.065254,,0
https://microsoft.com,0,0.12519,,0
http://twittergbno.nylaproductions.com,1,0.997865,,0
http://109.245.225.35.bc.googleusercontent.com,1,0.999211,,0
https://www.azul.com.br,0,0.005922,,0
https://xiaomi.com,0,0.520291,0.169349,1
https://tumblr.com,0,0.012228,,0
https://msedge.net,0,0.919021,,0
https://www.launchpad.net,0,0.003196,,0
https://shopee.com.br,0,0.020849,,0
https://bytefcdn-oversea.com,0,0.999532,,0
http://itaubrcard.000webhostapp.com,1,0.999647,,0
https://www.bloomberg.com,0,0.009712,,0
http://le-site-web-de-service-outlook3.yolasite.com,1,0.99896,,0
http://grup-pemersattubangsax69.duckdns.org,1,0.999474,,0
https://cpanel.net,0,0.020858,,0
https://www.vivareal.com.br,0,0.002459,,0
https://infomoney.com.br,0,0.135283,,0
https://www.itau.com,0,0.449764,0.013033,1
http://dagobhurrmk-e9c641.ingress-earth.ewp.live,1,0.999444,,0
https://netshoes.com.br,0,0.167867,0.008742,1
http://rxpfy.top,1,0.999621,,0
https://www.senado.leg.br,0,0.006322,,0
http://stonemalas.com,1,0.490543,0.72487,1
http://ebayshopp.top,1,0.999436,,0
https://www.mackenzie.br,0,0.004367,,0
https://uol.com.br,0,0.010741,,0
https://www.tumblr.com,0,0.004241,,0
http://verificacao-conta-bancaria-urgente-caixa.com.br.xyz.com/form,1,0.999576,,0
http://onmicrosofts.dns.army,1,0.998948,,0
http://spotifymuiscplayer.freewebhostmost.com,1,0.998771,,0
http://ccorreiosaduanas.com,1,0.985038,,0
https://www.detran.gov.br,0,0.002736,,0
https://picpay.com,0,0.082986,,0
https://britannica.com,0,0.005428,,0
https://pontofrio.com.br,0,0.065591,,0
https://www.forms.gle,0,0.923143,,0
https://www.maps.app.goo.gl,0,0.218632,0.298791,1
https://protonmail.com,0,0.99072,,0
http://b3hmm5.myraidbox.de,1,0.998973,,0
http://statefor.me,1,0.204894,0.614482,1
http://chasesecure-appsbankingaccountsdetaills.lonnailjkt.com,1,0.999617,,0
http://www.chasemysite.duckdns.org,1,0.998271,,0
http://outlook.365.hstn.me,1,0.999155,,0
http://200kshopeeepay.gif11.duckdns.org,1,0.999567,,0
http://apple.id.icloud.com.findmy-iphone.live,1,0.99949,,0
http://images.google.off.ai,1,0.431191,0.593358,1
https://www.usp.br,0,0.005637,,0
https://paypal.com,0,0.97816,,0
http://lcloud-com-maps-ios17.us,1,0.991966,,0
https://www.99app.com,0,0.009325,,0
http://recoveryhacroyhacroghjgbbb.com,1,0.999595,,0
https://skype.com,0,0.008029,,0
https://signal.org,0,0.354838,0.06841,1
http://receitas.daniel-porto.xyz,1,0.999596,,0
https://blogspot.com,0,0.001256,,0
https://dns.google,0,0.396334,0.028966,1
https://www.calendar.google.com,0,0.003681,,0
https://cloud.microsoft,0,0.997077,,0
https://open.spotify.com,0,0.909177,,0
http://dev-wlconnect.pantheonsite.io,1,0.999148,,0
https://cookiedatabase.org,0,0.700899,0.131998,1
https://camara.leg.br,0,0.079819,,0
http://escortoutcall.net,1,0.715009,0.678069,1
https://snapchat.com,0,0.067294,,0
https://www.wikipedia.org,0,0.012892,,0
https://get.adobe.com,0,0.534529,0.238859,1
https://www.rappi.com.br,0,0.014297,,0
http://www.paypal-ticketid671.com,1,0.999544,,0
https://www.algar.com.br,0,0.006777,,0
http://e-sylabcore.pages.dev,1,0.999129,,0
https://www.infomoney.com.br,0,0.011297,,0
http://americanasofertashop.com,1,0.998843,,0
http://3.145.174.248,1,0.999551,,0
https://reg.ru,0,0.911921,,0
http://www.bokepfreevideo163.tk,1,0.996831,,0
http://microsoft-mail-100881.weeblysite.com,1,0.999366,,0
https://dpf.gov.br,0,0.003454,,0
https://www.f5.com,0,0.005311,,0
https://www.telegraph.co.uk,0,0.007098,,0
http://americanasblacfriday.com,1,0.996466,,0
http://pubgmytic.com,1,0.988946,,0
http://vividuncover.top,1,0.999632,,0
http://microsoft-copilot-porxy.1807744634.workers.dev,1,0.999602,,0
https://senado.leg.br,0,0.051667,,0
http://santander.uk.new-device-issue-validate.info,1,0.999548,,0
http://linkedin-d78b3.firebaseapp.com,1,0.999241,,0
http://facecovermusicaaacoverdoinstagram.blogspot.am,1,0.996925,,0
http://nsexqmxyemegmzbe-dot-millinium.ey.r.appspot.com,1,0.998532,,0
http://ne5yebszvqbdkazxrodrddozgx9b.qwo231sdx.club,1,0.999499,,0
http://apple-apple.id-secure2id.ciputbusuk-512gokel.dns.army,1,0.999676,,0
https://www.huggingface.co,0,0.061536,,0
http://cchomenurses.com,1,0.951679,,0
http://gabung-grubwaku2021.duckdns.org,1,0.998982,,0
http://apple.login-find.co,1,0.998649,,0
https://ufsc.br,0,0.007181,,0
http://atkia-31.github.io,1,0.877493,,0
http://smbc.card-vb.info,1,0.999638,,0
https://www.plus.google.com,0,0.002575,,0
http://mda.gov.br.tripod.com,1,0.354293,0.554281,1
https://www.serasa.com.br,0,0.015069,,0
http://pub-7e00df1d340742eda47c45b5608e80a9.r2.dev,1,0.999432,,0
http://1645275141433.pagedemo.co,1,0.998813,,0
https://bloomberg.com,0,0.001925,,0
https://plesk.com,0,0.090492,,0
https://www.skype.com,0,0.003769,,0
http://instagram-baiiouiuts-login.blogspot.qa,1,0.999445,,0
http://new-appoffice365.firebaseapp.com,1,0.999362,,0
https://www.cnh.detran.sp.gov.br,0,0.003716,,0
http://m.facebook-market-place-item-3877136.genateb.com,1,0.999454,,0
http://yahoo3261.webnode.com,1,0.998877,,0
http://78420565.webku.buzz,1,0.999555,,0
https://nih.gov,0,0.05929,,0
https://www.apple-dns.net,0,0.993774,,0
http://www.login-microsoft.choobtarhnovin.com,1,0.999415,,0
https://www.ncbi.nlm.nih.gov,0,0.007581,,0
https://googleblog.com,0,0.017051,,0
http://websiteresmi-shopee.duckdns.org,1,0.999586,,0
http://booking.hotel-731651.eu,1,0.964256,,0
https://dnsowl.com,0,0.989447,,0
https://weebly.com,0,0.17075,0.041351,1
http://instagram.pestmobile.net,1,0.998729,,0
http://mediafn.com,1,0.395188,0.133704,1
http://netflix.vinwikuk.ovh,1,0.999378,,0
http://fbcom-950x583o.callboard.co,1,0.999527,,0
http://puebas.davidpla.repl.co,1,0.999515,,0
https://fastly.net,0,0.293637,0.108647,1
https://www.santander.com.br,0,0.005484,,0
http://www.aeacsoooesmasnn.onwwqkr.presse.ci,1,0.999488,,0
http://paypal.co.uk.7as9.icu,1,0.999596,,0
https://cdninstagram.com,0,0.79883,0.174854,1
http://confirmar-identidade-itau-seguranca.org/dados,1,0.999403,,0
https://www.shifen.com,0,0.156586,0.05537,1
https://riotgames.com,0,0.010183,,0
http://spotify388.portal-retry.com,1,0.999498,,0
https://nflxso.net,0,0.999282,,0
https://www.tiktokv.com,0,0.37959,0.019316,1
https://www.bancointer.com.br,0,0.009404,,0
http://www.verification-center.spotify.com.jointcareimplants.com,1,0.99915,,0
https://www.live.com,0,0.006157,,0
http://www.paypa1-secure.com/update-info,1,0.999499,,0
https://trustpilot.com,0,0.003216,,0
https://copilot.microsoft.com,0,0.85417,,0
http://mail.situspemblokiranfacebook.rexxfree021.tk,1,0.999578,,0
http://www-bradesco35.midpointcompany.com,1,0.999184,,0
http://paypal-win-dollars.blogspot.rs,1,0.997103,,0
http://nabster.app,1,0.998216,,0
https://www.banestes.com.br,0,0.017103,,0
http://settings-apple.info,1,0.999174,,0
https://www.submarino.com.br,0,0.013741,,0
http://office365.it.support.valiidemail.com,1,0.999526,,0
http://info.plancakefinac.org,1,0.999318,,0
https://ufba.br,0,0.010541,,0
https://www.app-measurement.com,0,0.033583,,0
https://europa.eu,0,0.0351,,0
https://www.tiktokcdn-us.com,0,0.991419,,0
http://aibonlinesercurity.com,1,0.999519,,0
http://eniacemig.santander.com.mx.sirenxe.com,1,0.99957,,0
https://nominetdns.uk,0,0.999143,,0
http://rqicnclmxavccnqqvvegmujokz-dot-owaonk399399393.uk.r.appspot.com,1,0.99921,,0
http://usps.com-tracking-helpsano.cc,1,0.999507,,0
https://inter.co,0,0.0603,,0
https://edgekey.net,0,0.044161,,0
https://www.gov.br,0,0.002917,,0
https://pubmed.ncbi.nlm.nih.gov,0,0.008997,,0
https://www.trf1.jus.br,0,0.009618,,0
https://bb.com.br,0,0.007796,,0
https://discord.gg,0,0.996272,,0
https://goo.gl,0,0.008461,,0
https://api.whatsapp.com,0,0.991022,,0
https://doubleclick.net,0,0.132322,,0
http://malaysp.pages.net.br,1,0.993696,,0
http://apple-internal-activation-support.com,1,0.999305,,0
http://www.amaz0n-verify.com/account/confirm,1,0.999452,,0
https://www.vimeo.com,0,0.001377,,0
https://www.nature.com,0,0.003744,,0
http://www--wellsfargo--com--xb49329d48d6c.wsipv6.com,1,0.999088,,0
http://saopaulonew-f234a7.ingress-florina.ewp.live,1,0.999354,,0
http://formularios-casasbahias-recrutamento.com,1,0.999363,,0
https://azul.com.br,0,0.034908,,0
http://myjtq.blogspot.hr,1,0.863148,,0
https://www.dropcatch.com,0,0.187266,0.139775,1
https://blizzard.com,0,0.013273,,0
http://confident-apple-k0636x.mystrikingly.com,1,0.99896,,0
http://microsoft-office365.ddns.net,1,0.999331,,0
http://oeweoqywbapujcuvjcqinlyrvs-dot-gl909989876787.uk.r.appspot.com,1,0.999245,,0
http://americanasofertamega.com,1,0.99921,,0
http://microsoffilesecurebthomelogindropboxupdatetplakifodropbox.weebly.com,1,0.999501,,0
https://www.github.io,0,0.003738,,0
https://live.com,0,0.039203,,0
https://huggingface.co,0,0.904604,,0
http://netflix.com.youraccountpayments.authlog0n.cf,1,0.999599,,0
https://olx.com.br,0,0.001489,,0
https://americanas.com.br,0,0.070966,,0
http://magalunovasoferts.black,1,0.999568,,0
http://66.232.149.34.bc.googleusercontent.com,1,0.99884,,0
https://epicgames.com,0,0.028828,,0
http://www--wellsfargo--com--eq49329d48d6c.wsipv6.com,1,0.9991,,0
https://cnnbrasil.com.br,0,0.05457,,0
http://camaradecorregodoouro.go.gov.br,0,0.088791,,0
http://f0510431.xsph.ru,1,0.999401,,0
http://baucarshopee1444.weebly.com,1,0.999465,,0
http://citizensbank-login.com,1,0.99904,,0
http://swebexpert.xyz,1,0.998146,,0
https://www.copilot.microsoft.com,0,0.022087,,0
https://www.windowsupdate.com,0,0.039632,,0
https://www.usatoday.com,0,0.00532,,0
http://secureyourpagesocialdominion.vercel.app,1,0.999204,,0
https://www.googleusercontent.com,0,0.01271,,0
https://cloudflare-dns.com,0,0.998448,,0
http://netflix-clone-rho-orcin.vercel.app,1,0.99927,,0
http://us451061537fkpps.02us2bes8ps.us,1,0.999658,,0
http://parks-pcnee.top,1,0.999651,,0
https://un.org,0,0.010932,,0
http://mtb-sn0-s1.pages.dev,1,0.99931,,0
https://wordpress.org,0,0.032501,,0
https://www.businessinsider.com,0,0.033007,,0
http://multijun8box8.000webhostapp.com,1,0.999434,,0
http://recover-step-u7584.surge.sh,1,0.999587,,0
http://account.mailing-linkedin.com,1,0.999424,,0
https://www.flickr.com,0,0.001531,,0
https://www.wikimedia.org,0,0.002534,,0
http://mail-hilton-com-protection_ref_login_crbp203evd.netwrkoutlookapp.net,1,0.999641,,0
https://pucrs.br,0,0.05283,,0
http://citi-com-secured03.herokuapp.com,1,0.999395,,0
https://www.magazineluiza.com.br,0,0.003295,,0
https://www.stj.jus.br,0,0.004391,,0
http://meta-ads-support-casee.firebaseapp.com,1,0.999325,,0
https://www.youtu.be,0,0.003079,,0
http://atendiementonubank.com,1,0.998944,,0
https://vkuserphoto.ru,0,0.998768,,0
http://facebookfodz.blogspot.tw,1,0.997913,,0
http://mercadolivre2022.blogspot.ug,1,0.999093,,0
https://www.support.google.com,0,0.011165,,0
http://iwqkgtwitter5713.harleydavidsonautoshop.com,1,0.998879,,0
https://cdc.gov,0,0.007302,,0
https://www.bsky.app,0,0.197771,0.008991,1
https://www.edgesuite.net,0,0.079278,,0
https://www.itau-seguranca-digital.xyz/login,1,0.999483,,0
https://www.podcasts.apple.com,0,0.007841,,0
https://band.uol.com.br,0,0.009871,,0
https://ntp.org,0,0.068087,,0
http://secure-paypal-authentication.solve-lntl.net,1,0.999592,,0
http://entry-auth-cgi-bin-biglobe-mail-63f3fd39280d1.striking.my.id,1,0.999603,,0
http://ebay.uk-help.center,1,0.999148,,0
http://www-bradesco49.sudo-ecomercio.com,1,0.999412,,0
http://pl-19.ru,1,0.868848,,0
https://googleapis.com,0,0.098087,,0
http://amazon.shopp33.com,1,0.99912,,0
https://bsky.app,0,0.976781,,0
http://api-nubank.com,1,0.998227,,0
https://harvard.edu,0,0.028168,,0
http://275021806.storage.googleapis.com,1,0.998767,,0
http://whatsapp.woghjojo.cyou,1,0.999536,,0
http://perry-dhl.vercel.app,1,0.998795,,0
http://magaluvirou.com,1,0.998727,,0
https://www.bradesco.com.br,0,0.003698,,0
http://www.faceb00k-security.com/login,1,0.999306,,0
https://googledomains.com,0,0.712019,0.25331,1
http://amazon0ercimciahci.xyz,1,0.999637,,0
https://www.btgpactual.com,0,0.562812,0.097762,1
https://ig.com.br,0,0.045302,,0
https://canva.com,0,0.35643,0.017042,1
https://trf1.jus.br,0,0.038795,,0
http://cypress-simple-museum.glitch.me,1,0.996512,,0
https://cloudfront.net,0,0.415971,0.201476,1
http://security-app-payee.firebaseapp.com,1,0.999228,,0
http://amoozin.com,1,0.961019,,0
https://proton.me,0,0.280007,0.105382,1
http://accsspgeshlp-spprtacct.com,1,0.999648,,0
https://ufsm.br,0,0.009398,,0
https://gandi.net,0,0.985537,,0
http://amazon.cqzs.shop,1,0.999475,,0
https://w3.org,0,0.017112,,0
http://bradesco.apoionetempresas.com,1,0.999224,,0
http://chat.whatsappfromfacebook.wagrbvte-e52.ml,1,0.999533,,0
httppgroupesfacebook.blogspot.com,1,0.99199,,0
https://www.latamairlines.com,0,0.007543,,0
http://auth-sso-biglobe-sso-mail-63e96e332ff25.esup.edu.br,1,0.999413,,0
https://aliyuncs.com,0,0.991986,,0
https://www.quintoandar.com.br,0,0.022827,,0
https://amazonvideo.com,0,0.425688,0.192422,1
https://www.proton.me,0,0.009712,,0
http://santander.urgent-request02.com,1,0.999624,,0
